Date,ppi y/y growth,cpi y/y growth,usdzar,usdeur,albi index,US cpi y/y growth,Price,repo rate,jse allshare index,food price index,oil price usd per barrel,neer index,Food and Nonalcoholic Beverages,Food,Processed Food,Unprocessed Food,Bread and Cereals,Meat,Fish,"Milk, Cheese and Eggs",Fats and Oils,Fruit,Vegetables,"Sugar, Sweets and Desserts",Other foods,Nonalcoholic Beverages,Hot Beverages,Cold Beverages,Alcoholic beverages and tobacco,Alcoholic Beverages,Spirits,Wine,Beer,Tobacco,Clothing and Footwear,Clothing,Footwear,Housing & Household Utilities,Actual Rentals for Housing,Actual Rentals - Flats,Actual Rentals - Houses,Actual Rentals - Town Houses,Owners Equivalent Rent of Residences,Owners Equivalent Rent - Houses,Owners Equivalent Rent - Flats,Owners Equivalent Rent - Town Houses,Household Maintenance and Repair,Water and Other Services,"Electricity, Gas and Other Fuels",Household Contents & Services,"Furnishings, Floor Coverings and Textiles","Household Appliances, Tableware and Equipment",Supplies and Services,Domestic Workers Wages,Health,Health Including Medical Insurance,"Medical Products, Appliances and Equipment",Medical Services and Paramedical Services,Doctors,Dentists,Hospital Services,Transport,Purchase of Vehicles,New Vehicles,Used Vehicles,Private Transportation,Petroleum,Other Running Costs,Public Transportation,Communications,Postal and Telecommunication Services,Telecommunication,Recreation and Culture,Recreational Equipment,Recreation and Culture Services,"Newspapers, Books and Stationery",Package Holidays,Education,Education Including Boarding Fees,Primary and Secondary Education,Tertiary Education,University Boarding Fees,Restaurants and Hotels,Restaurants,Hotels,Miscellaneous Goods and Services,Personal Care,Insurance,Medical Insurance,Financial Services n.e.c.,Other Services n.e.c.
2013-01,5.6,5.4,8.9559,1.3579,434.186,1.6,3.8,5.0,4964.5,122.1,115.55,127.63,6.1,6.6,7.1,5.9,7.0,3.1,7.0,9.9,4.1,0.3,12.3,5.9,8.9,4.7,4.4,4.5,7.1,8.8,9.4,6.3,9.9,5.0,3.2,3.1,3.1,6.1,4.9,5.6,4.3,4.7,4.2,4.0,5.6,4.7,7.9,9.2,10.4,3.1,-0.7,3.2,5.4,5.6,5.4,8.5,3.7,6.3,6.9,6.3,4.8,5.1,-0.4,2.4,-11.1,10.0,11.8,3.9,16.2,0.0,0.4,-6.7,2.9,1.1,3.2,5.3,--,9.0,9.2,8.5,9.8,9.7,7.5,7.3,8.3,4.9,8.5,5.0,9.5,9.1,4.3
2013-02,5.4,5.9,9.0246,1.3057,437.06,2.0,-2.6,5.0,4870.5,121.34,111.38,126.67,6.1,6.3,6.9,6.0,5.3,3.4,6.4,8.8,4.8,4.9,13.5,7.7,8.0,4.2,4.9,4.0,7.8,9.7,8.5,5.6,11.8,5.2,3.2,3.3,2.7,6.1,4.9,5.6,4.3,4.7,4.2,4.0,5.6,4.7,6.3,9.2,10.1,3.3,-0.7,3.0,5.7,5.6,4.1,9.5,3.3,6.1,6.1,5.4,4.5,5.5,-0.6,2.3,-11.0,10.1,11.9,4.2,15.9,0.1,0.6,-8.7,3.7,0.9,4.4,6.6,--,9.0,9.2,8.5,9.8,9.7,7.1,7.1,7.6,7.7,9.5,8.4,10.5,9.1,4.3
2013-03,5.7,5.9,9.2362,1.2819,437.866,1.5,-1.5,5.0,4928.6,121.6,110.02,124.26,5.7,5.8,6.5,5.4,4.8,4.7,6.7,7.6,4.8,5.8,11.2,6.3,6.0,3.2,1.7,3.6,5.8,6.3,6.6,4.7,6.4,4.3,2.8,3.1,2.7,5.8,4.7,5.3,4.0,5.1,4.0,4.0,5.7,5.1,6.4,9.2,10.3,3.1,-0.4,2.0,5.3,5.5,4.1,9.5,2.9,6.1,6.1,5.4,4.5,7.6,-0.3,2.4,-11.0,13.9,16.3,4.8,14.7,1.0,1.8,-9.8,4.5,2.1,4.4,7.6,--,9.0,9.0,9.0,8.9,9.6,6.1,6.6,5.5,7.4,9.5,8.6,10.5,5.6,4.3
2013-04,5.5,5.9,8.9682,1.3168,455.865,1.1,7.0,5.0,4805.7,124.08,102.37,124.98,6.3,6.1,7.4,5.4,6.0,4.7,6.5,6.8,4.3,2.7,13.1,8.5,6.4,4.3,2.7,4.7,6.4,7.0,7.9,5.5,7.0,5.0,3.1,3.1,2.6,5.7,4.7,5.3,4.0,5.1,4.0,4.0,5.7,5.1,6.1,9.2,10.1,3.1,-0.4,2.3,5.6,5.5,4.9,9.3,3.9,6.3,6.3,5.4,4.8,6.2,0.1,2.6,-11.0,9.2,10.5,5.3,14.3,0.8,1.6,-10.1,3.9,1.6,4.7,6.3,--,9.0,9.0,9.0,8.9,9.6,5.9,6.2,5.5,7.4,9.3,8.5,10.2,5.5,4.6
2013-05,5.0,5.6,10.0915,1.2999,434.714,1.4,1.6,5.0,5214.7,126.58,100.39,122.12,6.4,6.7,7.3,6.2,6.1,5.5,7.3,6.6,5.4,2.0,13.0,7.5,6.4,3.0,3.1,3.1,6.6,7.0,7.3,5.0,7.3,5.0,2.9,3.1,2.3,5.7,4.7,5.3,4.0,5.1,4.0,4.0,5.7,5.1,4.4,9.2,10.1,3.0,0.1,1.9,5.0,5.5,5.0,9.3,4.2,6.3,6.3,5.4,4.8,3.6,0.9,3.4,-10.8,2.3,1.8,4.0,13.9,0.9,1.7,-10.5,4.6,0.7,4.7,11.5,--,9.0,9.0,9.0,8.9,9.6,6.0,5.8,6.7,7.2,9.3,8.5,10.2,5.5,4.6
2013-06,6.0,5.5,9.8806,1.301,427.928,1.8,0.2,5.0,4917.6,124.6,102.16,113.75,6.8,6.9,7.7,6.2,6.3,5.5,7.0,6.7,5.4,6.1,12.8,7.8,7.3,4.1,4.1,4.0,6.4,6.5,6.1,5.7,7.1,5.2,2.9,3.1,2.6,5.8,4.9,5.5,4.3,5.9,4.4,4.2,5.6,5.9,3.6,9.2,10.1,3.1,-1.1,0.9,5.2,5.4,5.0,9.3,4.4,6.3,6.3,5.4,4.8,3.8,0.9,3.6,-10.8,5.5,6.0,4.7,7.4,1.5,2.3,-10.1,4.2,0.9,5.0,9.4,--,9.0,9.0,9.0,8.9,9.6,6.0,6.1,5.7,7.2,9.3,8.1,10.2,5.5,4.6
2013-07,6.7,6.3,9.8768,1.3302,425.268,2.0,5.2,5.0,5134.3,122.61,107.7,115.93,6.8,7.0,7.6,6.6,7.3,5.7,5.6,6.9,3.6,4.6,13.3,6.0,6.8,3.3,3.6,3.2,7.0,7.0,7.0,5.8,7.5,6.8,3.1,3.2,2.3,5.5,4.9,5.5,4.3,5.9,4.4,4.2,5.6,5.9,3.4,8.5,8.2,3.1,-0.6,0.7,5.1,5.4,4.9,9.1,3.9,6.3,6.3,5.4,4.8,8.2,1.5,3.9,-10.9,18.6,22.6,4.1,6.9,1.8,2.5,-10.1,3.4,0.4,4.1,7.7,--,9.0,9.0,9.0,8.9,9.6,6.4,6.3,6.4,7.6,9.1,8.3,10.2,5.2,5.7
2013-08,6.7,6.4,10.2799,1.3222,419.641,1.5,0.6,5.0,5266.7,119.29,114.01,113.34,7.1,7.4,8.3,6.6,8.4,4.9,7.5,7.2,4.4,4.6,13.3,7.9,6.3,4.0,4.8,3.5,6.5,6.7,6.8,4.5,7.8,6.2,3.0,3.4,2.7,5.3,4.9,5.5,4.3,5.9,4.4,4.2,5.6,5.9,4.4,7.9,7.8,3.1,-0.1,0.6,4.9,5.4,4.9,9.1,3.9,6.3,6.3,5.4,4.9,8.9,1.8,3.9,-10.8,19.0,23.1,4.2,6.9,2.1,2.8,-11.5,3.6,0.4,4.1,8.8,--,9.0,9.0,9.0,8.9,9.6,6.6,6.3,7.8,7.6,9.1,8.3,10.2,5.4,5.7
2013-09,6.8,6.0,10.0278,1.3527,436.11,1.2,-2.0,5.0,5534.0,115.61,108.37,114.13,5.8,6.0,7.4,4.7,8.1,1.1,6.7,8.3,5.3,8.5,12.1,6.6,5.2,5.2,6.5,4.8,6.7,7.0,7.3,5.6,7.3,5.9,3.1,3.5,2.5,5.5,4.8,5.3,4.3,5.9,4.5,4.3,5.7,5.7,4.3,7.9,7.8,3.7,0.1,1.6,6.2,5.8,4.7,9.3,3.4,6.3,6.3,5.4,4.9,6.9,2.2,4.7,-10.4,11.2,12.8,4.8,7.0,1.7,2.5,-12.2,3.6,0.8,3.0,9.3,--,9.0,9.0,9.0,8.9,9.6,7.2,6.6,8.5,7.8,9.3,8.6,10.2,5.4,5.7
2013-10,6.3,5.5,10.0467,1.3584,437.802,1.0,1.6,5.0,5734.0,114.9,108.84,113.35,4.3,4.2,6.6,2.0,5.7,0.0,6.1,7.7,4.2,2.4,5.5,6.0,5.6,5.9,6.2,5.7,7.5,8.2,6.8,5.8,9.1,5.7,3.3,3.3,2.8,5.3,4.8,5.3,4.3,5.9,4.5,4.3,5.7,5.7,4.7,7.9,7.4,3.6,-0.4,1.9,5.7,5.8,4.9,9.3,3.6,6.3,6.3,5.4,4.9,6.4,3.2,5.1,-9.8,8.3,9.3,5.0,7.0,2.3,3.1,-13.0,2.5,0.2,3.0,3.7,--,9.0,9.0,9.0,8.9,9.6,7.1,6.4,9.1,7.2,9.3,8.6,10.2,5.4,2.8
2013-11,5.6,5.3,10.1742,1.3591,431.796,1.2,-0.4,5.0,5670.9,115.96,109.69,111.06,3.8,3.8,6.0,1.5,4.3,0.2,5.2,7.8,4.0,1.6,4.9,6.4,5.5,5.2,7.6,4.4,6.7,7.3,6.3,3.2,9.0,5.3,3.3,3.5,3.0,5.3,4.8,5.3,4.3,5.9,4.5,4.3,5.7,5.7,4.3,7.9,7.4,3.7,-0.2,2.7,5.7,5.8,4.5,9.3,3.2,6.3,6.3,5.4,5.1,5.6,4.1,6.1,-9.1,7.0,7.7,4.6,5.7,1.1,1.9,-12.3,2.7,0.9,3.0,3.9,--,9.0,9.0,9.0,8.9,9.6,7.2,6.5,8.8,7.4,9.3,8.6,10.2,5.4,2.8
2013-12,6.4,5.4,10.4926,1.3743,436.659,1.5,3.5,5.0,5840.1,117.22,110.8,108.85,3.5,3.5,5.8,1.3,4.3,0.0,5.2,7.3,3.1,0.4,5.4,5.8,5.5,4.2,6.8,3.3,7.0,7.5,5.5,4.8,9.4,5.7,3.4,3.7,2.9,5.6,5.1,5.3,4.5,5.8,4.7,4.7,6.0,5.9,3.1,7.9,7.1,3.4,-1.1,2.5,5.5,5.6,4.5,9.3,2.7,6.3,6.3,5.4,5.1,6.2,4.1,5.9,-9.2,8.9,9.9,4.5,4.5,1.1,1.9,-13.3,3.0,0.3,3.0,5.9,13.3,9.0,9.0,9.0,8.9,9.6,7.2,6.8,8.5,7.0,9.3,8.1,10.2,5.4,2.8
2014-01,7.1,5.8,11.1206,1.3486,422.5,1.6,2.7,5.5,5702.3,117.76,106.4,104.13,4.2,4.1,5.3,3.3,4.6,1.9,6.2,6.7,2.4,2.5,6.3,5.9,6.9,4.6,5.5,4.2,7.0,7.8,6.1,4.2,9.5,5.1,3.6,3.8,3.3,5.4,5.1,5.3,4.5,5.8,4.7,4.7,6.0,5.9,3.1,7.9,7.3,3.2,-1.7,2.0,5.5,5.6,4.5,9.3,2.9,6.3,6.3,5.4,5.1,7.8,4.0,5.7,-8.4,12.6,14.6,5.2,4.5,1.1,1.9,-13.3,3.5,0.2,2.8,12.5,8.1,9.0,9.0,9.0,8.9,9.6,7.4,6.6,9.3,7.0,9.3,8.1,10.2,3.3,4.3
2014-02,7.5,5.9,10.7551,1.3802,432.817,1.1,2.2,5.5,5980.8,121.05,109.07,103.04,5.2,5.6,6.3,4.8,7.4,3.3,7.6,6.3,2.5,3.7,7.1,4.7,6.3,3.8,5.2,3.3,6.6,6.9,6.8,4.9,7.7,5.3,4.3,4.4,4.0,5.6,5.1,5.3,4.5,5.8,4.7,4.7,6.0,5.9,4.1,7.9,7.3,3.7,0.0,2.6,5.5,5.6,5.0,8.0,3.5,6.2,6.2,5.6,6.2,8.0,4.8,6.3,-8.1,12.4,14.0,6.1,4.5,1.2,1.9,-11.7,2.4,0.1,1.2,9.9,8.9,9.0,9.0,9.0,8.9,9.6,7.7,6.8,10.8,6.3,8.0,7.0,8.5,3.3,4.3
2014-03,8.2,6.0,10.5319,1.3769,440.558,1.5,1.4,5.5,6090.4,128.1,107.76,105.08,6.9,7.3,6.7,7.6,9.2,4.1,7.7,7.2,4.4,5.2,12.8,6.3,7.1,4.5,5.5,4.0,5.8,5.7,7.0,6.0,5.2,6.2,4.7,4.7,4.6,5.7,5.0,5.6,4.9,5.1,5.2,4.9,5.9,5.5,4.2,7.9,7.1,4.1,0.3,2.8,5.8,5.7,5.2,8.0,4.1,6.2,6.2,5.6,6.2,6.9,5.1,6.7,-7.8,8.7,9.6,5.0,6.4,0.2,0.7,-10.2,2.2,-0.8,1.2,11.8,7.6,8.9,8.7,8.4,9.3,9.7,8.4,7.3,10.9,6.4,8.0,7.0,8.5,3.6,4.3
2014-04,8.7,6.1,10.5224,1.3867,441.979,2.0,-1.1,5.5,6251.9,130.64,108.07,107.07,7.8,8.2,7.3,9.1,10.1,6.9,8.4,9.0,6.2,2.5,9.9,5.7,7.1,4.3,5.7,3.7,5.1,4.9,6.7,4.4,4.5,5.5,4.9,5.1,5.0,5.8,5.0,5.6,4.9,5.1,5.2,4.9,5.9,5.5,4.6,7.9,7.1,4.1,0.0,3.1,5.6,5.7,4.7,8.3,3.5,6.2,6.4,5.6,6.0,6.7,5.2,6.9,-7.7,8.0,9.0,4.2,6.4,-0.4,0.1,-10.6,2.7,-0.2,1.8,12.0,4.9,8.9,8.7,8.4,9.3,9.7,8.6,7.9,10.3,6.6,8.3,7.3,9.1,3.6,4.4
2014-05,8.6,6.6,10.5723,1.3635,447.126,2.1,-2.6,5.5,6351.8,125.38,109.41,108.72,8.8,9.2,7.8,10.4,10.2,8.1,8.2,9.9,4.1,5.7,13.4,6.2,7.9,5.2,6.0,4.8,5.2,5.3,8.1,4.7,4.5,5.5,5.3,5.3,5.1,5.8,5.0,5.6,4.9,5.1,5.2,4.9,5.9,5.5,6.1,7.9,7.1,3.7,-1.0,3.5,5.5,5.7,4.6,8.1,3.2,6.2,6.4,5.6,6.4,8.8,6.1,7.7,-8.0,12.3,14.2,5.0,6.5,-0.5,0.1,-11.2,2.8,-0.3,2.3,12.2,2.3,8.9,8.7,8.4,9.3,9.7,8.3,7.6,9.9,6.9,8.1,7.3,9.1,3.6,4.4
2014-06,8.2,6.6,10.6375,1.3692,451.381,2.1,1.2,5.5,6527.5,122.51,112.36,106.17,8.6,9.4,7.9,10.7,10.7,8.7,8.3,10.1,3.2,1.4,12.3,6.2,7.0,4.6,7.1,3.8,5.6,5.8,9.1,4.2,5.3,5.1,5.2,5.2,5.0,5.8,5.2,5.8,4.8,5.2,5.0,5.0,6.1,5.6,6.1,7.9,7.1,4.0,0.7,4.7,5.2,5.8,5.3,8.5,4.6,6.2,6.4,5.6,6.4,8.5,6.2,7.8,-7.9,11.4,13.2,4.8,6.6,-1.1,-0.5,-12.5,2.8,0.2,1.9,10.9,4.7,8.9,8.7,8.4,9.3,9.7,8.4,7.8,10.0,6.9,8.5,7.5,9.1,3.6,4.4
2014-07,7.9,6.3,10.7073,1.339,455.973,2.0,-7.0,5.75,6587.9,119.79,106.02,106.17,8.6,9.0,7.7,10.4,8.8,8.7,8.0,11.7,2.7,2.2,11.9,7.5,8.7,6.6,9.8,5.4,5.8,5.3,8.5,3.1,4.8,7.2,5.1,5.4,5.0,6.0,5.2,5.8,4.8,5.2,5.0,5.0,6.1,5.6,6.3,8.4,7.0,3.9,0.7,3.9,5.2,5.8,5.7,8.7,5.2,6.2,6.4,5.6,6.4,6.8,5.6,7.3,-7.7,7.7,8.4,5.5,6.7,-1.4,-0.8,-11.8,3.3,0.4,2.3,13.1,5.9,8.9,8.7,8.4,9.3,9.7,8.2,8.3,8.1,7.0,8.7,7.9,9.1,4.7,5.1
2014-08,7.1,6.4,10.6666,1.3132,468.93,1.7,-2.3,5.75,6557.7,114.2,103.19,106.9,9.3,9.5,7.8,11.2,7.6,9.9,7.1,12.7,1.0,2.3,13.9,8.6,10.1,7.0,10.6,5.7,6.1,5.6,8.7,5.4,4.4,7.6,5.4,5.4,5.1,6.0,5.2,5.8,4.8,5.2,5.0,5.0,6.1,5.6,5.7,8.7,7.2,3.6,-0.4,4.0,5.1,5.8,5.4,8.5,4.8,6.2,6.4,5.6,6.4,6.0,6.3,8.2,-7.6,5.5,5.8,4.8,6.7,-1.5,-1.0,-11.6,3.3,1.1,2.3,10.7,5.3,8.9,8.7,8.4,9.3,9.7,8.6,9.0,7.5,6.9,8.5,7.9,9.1,4.5,5.1
2014-09,6.8,5.9,11.2853,1.2631,461.375,1.7,6.5,5.75,6388.6,112.03,94.67,105.76,8.6,8.8,7.3,10.4,5.9,9.6,8.4,12.9,-1.2,1.0,13.0,8.5,9.4,5.3,9.2,4.0,6.1,5.3,8.4,3.2,5.1,7.9,5.6,5.5,5.4,5.9,5.1,6.1,4.8,5.1,4.8,4.8,5.9,5.4,5.7,8.7,7.2,3.1,-1.3,3.2,4.2,5.0,5.7,8.5,5.2,6.2,6.4,5.6,6.4,4.2,6.0,7.6,-7.9,1.6,1.2,3.9,7.6,-1.3,-0.7,-12.7,2.8,0.8,2.2,9.7,2.4,8.9,8.7,8.4,9.3,9.7,8.8,9.1,8.0,6.9,8.5,7.9,9.1,4.5,5.1
2014-10,6.6,5.9,11.0395,1.2525,477.112,1.7,1.8,5.75,6452.8,111.37,85.86,105.83,7.8,8.1,7.0,9.0,5.1,9.5,7.6,12.6,-1.7,3.5,8.9,8.8,8.8,5.2,8.1,4.2,6.5,6.2,9.5,3.2,6.1,7.9,5.7,5.9,5.8,5.9,5.1,6.1,4.8,5.1,4.8,4.8,5.9,5.4,5.0,8.7,7.2,2.5,-2.7,3.1,4.0,5.0,5.8,8.5,5.9,6.2,6.4,5.6,6.4,4.7,5.7,7.3,-7.9,2.7,2.4,3.9,8.0,-1.9,-1.3,-12.8,2.8,0.4,2.2,10.5,2.9,8.9,8.7,8.4,9.3,9.7,8.9,8.8,9.2,6.9,8.5,7.9,9.1,4.5,5.1
2014-11,6.5,5.8,11.0629,1.2452,488.553,1.3,-1.9,5.75,6487.9,111.11,70.15,107.0,7.6,7.7,6.9,8.6,5.4,9.2,8.4,12.8,-1.8,11.5,5.9,8.0,8.2,4.9,8.2,3.8,7.8,7.4,10.0,5.6,7.0,8.7,6.2,6.5,5.5,5.9,5.1,6.1,4.8,5.1,4.8,4.8,5.9,5.4,5.4,8.7,7.2,2.2,-3.1,2.0,4.0,5.0,6.0,8.5,5.7,6.2,6.4,5.6,6.3,4.3,5.4,6.8,-8.2,1.7,1.2,3.9,7.8,-0.9,-0.3,-13.8,2.8,0.6,2.2,10.7,2.2,8.9,8.7,8.4,9.3,9.7,9.0,9.0,9.4,6.9,8.5,7.9,9.1,4.5,5.1
2014-12,5.9,5.3,11.5706,1.2098,480.972,0.8,1.6,5.75,6475.4,109.18,57.33,104.9,7.2,7.5,6.6,8.4,4.8,9.3,7.9,12.3,-1.8,9.6,4.9,8.2,7.2,4.5,8.2,3.2,7.6,7.4,10.9,5.1,6.6,8.4,6.2,6.5,5.6,5.7,5.0,6.0,4.6,4.9,4.8,4.6,5.7,5.0,5.8,8.7,7.2,2.2,-2.6,1.8,4.0,5.4,5.5,8.5,4.9,6.2,6.4,5.6,6.3,1.8,5.6,7.1,-8.0,-3.5,-5.4,4.3,6.6,-1.7,-1.2,-12.6,3.0,0.4,2.5,11.3,3.8,8.9,8.7,8.4,9.3,9.7,8.5,8.6,8.3,7.2,8.5,7.9,9.1,4.5,5.1
2015-01,3.5,4.4,11.6476,1.1291,512.187,-0.1,-1.9,5.75,6674.9,104.54,52.99,106.11,6.6,6.8,6.7,6.6,4.7,8.8,7.1,12.0,-0.8,7.5,0.9,8.3,6.9,4.3,8.3,2.9,7.6,7.1,10.1,3.9,6.9,8.8,6.2,6.4,5.5,5.7,5.0,6.0,4.6,4.9,4.8,4.6,5.7,5.0,5.8,8.7,7.0,2.5,-2.8,2.0,4.3,5.4,6.0,8.5,5.9,6.2,6.4,5.6,6.3,-2.6,6.3,7.8,-7.8,-12.9,-17.7,4.4,6.3,-1.7,-1.1,-12.1,2.5,0.1,3.4,7.1,0.9,8.9,8.7,8.4,9.3,9.7,7.3,8.3,4.9,7.3,8.5,8.1,9.1,5.8,3.9
2015-02,2.7,3.9,11.6585,1.1196,498.011,0.0,0.9,5.75,6946.4,101.53,62.58,107.19,6.5,6.6,6.5,6.8,4.0,8.8,7.8,11.7,-0.7,0.4,2.0,8.6,8.0,5.0,8.7,3.8,8.1,8.1,10.6,4.4,8.5,8.5,5.7,6.1,5.3,5.6,5.0,6.0,4.6,4.9,4.8,4.6,5.7,5.0,5.1,8.7,7.0,2.3,-3.8,2.7,4.6,5.4,5.8,9.1,5.3,6.4,6.6,6.0,5.8,-6.3,5.9,7.3,-7.9,-20.6,-26.8,3.3,6.0,-1.7,-1.1,-13.1,2.7,0.0,3.2,8.7,3.3,8.9,8.7,8.4,9.3,9.7,7.1,8.3,3.4,7.8,9.1,8.7,9.8,5.8,3.9
2015-03,3.1,4.0,12.1321,1.0731,495.373,-0.1,4.5,5.75,6853.9,98.95,55.11,105.06,6.0,5.9,6.6,5.1,3.7,8.4,7.0,9.6,-0.5,1.2,0.4,7.8,8.1,4.7,8.9,3.5,9.0,9.0,9.0,3.4,10.6,8.5,5.8,6.0,5.0,5.7,5.3,6.4,4.8,5.4,4.8,4.8,6.0,5.4,4.3,8.7,7.0,2.1,-4.4,2.7,4.4,5.2,5.9,9.3,5.4,6.4,6.6,6.0,5.8,-5.0,5.4,7.0,-8.3,-16.4,-21.7,5.2,4.1,-1.6,-1.1,-12.7,2.4,0.1,3.2,6.9,0,9.2,9.3,8.9,9.9,11.3,6.8,7.0,5.5,7.6,9.3,8.5,9.8,5.7,3.9
2015-04,2.9,4.5,11.9107,1.1224,492.946,-0.2,-2.4,5.75,7175.9,100.88,66.78,105.47,5.0,5.0,5.3,4.4,2.5,6.3,5.8,8.5,-2.3,7.7,2.2,8.6,6.2,5.3,8.9,4.2,9.6,9.7,8.6,4.1,11.7,8.9,5.6,5.8,4.9,5.5,5.3,6.4,4.8,5.4,4.8,4.8,6.0,5.4,3.4,8.7,7.0,2.2,-3.8,2.7,4.5,5.2,6.0,8.9,5.3,6.4,6.6,6.0,5.9,-1.0,4.7,6.2,-8.4,-7.6,-10.8,5.4,4.6,-1.0,-0.5,-12.5,2.0,0.2,2.5,5.8,1.3,9.2,9.3,8.9,9.9,11.3,5.6,6.5,3.7,7.2,8.9,8.1,9.6,5.7,3.1
2015-05,3.6,4.6,12.1525,1.0986,489.391,0.0,-1.6,5.75,6892.2,100.77,65.56,104.62,4.8,4.7,5.4,3.9,3.7,5.3,7.4,7.7,0.5,3.0,-1.5,9.5,7.2,5.4,8.5,4.3,9.7,9.6,7.6,5.2,11.8,8.9,5.3,5.6,4.9,5.5,5.3,6.4,4.8,5.4,4.8,4.8,6.0,5.4,2.9,8.7,7.0,2.6,-3.4,3.1,4.5,5.2,6.9,9.1,7.4,6.4,6.6,6.0,5.9,-0.7,4.2,5.7,-8.1,-6.9,-9.8,5.3,4.6,-0.4,0.0,-12.8,1.8,0.1,2.0,7.2,-2.7,9.2,9.3,8.9,9.9,11.3,6.3,7.3,3.7,7.4,9.1,8.1,9.6,6.7,3.1
2015-06,3.6,4.7,12.1688,1.1147,488.431,0.1,-1.0,5.75,6840.0,100.3,63.59,101.98,4.4,4.2,4.6,3.8,3.2,5.3,7.1,6.7,1.0,4.1,-1.5,9.2,5.8,4.8,6.6,3.8,9.8,9.9,7.2,5.3,11.8,9.4,5.7,5.9,4.9,5.5,4.8,5.6,4.4,4.8,4.5,4.5,5.3,4.7,2.9,8.7,7.0,2.2,-4.8,2.6,4.7,5.1,6.1,8.9,5.7,6.4,6.6,6.0,5.9,0.7,4.1,5.4,-8.3,-3.0,-4.9,5.1,3.2,-0.4,0.0,-12.7,1.9,0.2,2.1,8.2,-3.8,9.2,9.3,8.9,9.9,11.3,6.1,6.8,4.0,7.2,8.9,8.1,9.6,6.4,3.1
2015-07,3.3,5.0,12.6808,1.0984,493.521,0.2,4.5,6.0,6875.8,100.16,52.21,101.72,4.5,4.4,4.8,3.9,4.7,5.3,7.6,5.1,2.5,2.4,-1.2,8.1,4.9,3.9,5.6,3.4,9.0,10.1,7.6,6.5,12.1,5.8,5.6,5.8,5.3,6.3,4.8,5.6,4.4,4.8,4.5,4.5,5.3,4.7,2.4,10.1,11.4,2.2,-5.1,2.8,4.7,5.1,6.0,8.7,5.2,6.4,6.6,6.0,5.9,0.8,4.1,5.4,-8.3,-2.5,-4.1,3.5,2.9,-0.7,-0.1,-14.4,2.2,0.6,2.2,6.8,0.4,9.2,9.3,8.9,9.9,11.3,5.8,6.6,4.1,6.9,8.7,8.1,9.6,5.8,2.3
2015-08,3.4,4.6,13.2799,1.1211,494.202,0.2,-0.1,6.0,6631.4,97.09,54.15,98.84,4.5,4.5,4.7,3.9,6.0,5.1,8.4,3.8,5.7,4.4,-2.3,7.6,4.4,3.7,4.0,3.7,8.8,10.2,7.4,6.1,12.7,4.8,5.3,5.4,5.1,6.2,4.8,5.6,4.4,4.8,4.5,4.5,5.3,4.7,1.9,9.7,11.2,2.8,-4.1,3.0,4.9,5.1,6.3,8.9,6.1,6.4,6.6,6.0,5.8,-0.8,3.9,5.0,-8.4,-5.3,-7.6,3.3,2.3,-0.8,-0.2,-14.7,2.3,0.3,2.2,8.5,0,9.2,9.3,8.9,9.9,11.3,5.5,6.0,3.8,7.0,8.9,8.1,9.6,5.5,2.3
2015-09,3.6,4.6,13.8549,1.1177,493.836,0.0,1.6,6.0,6694.6,96.29,48.37,94.35,4.5,4.3,5.2,3.7,6.4,4.9,7.2,2.9,7.1,1.4,-1.6,7.7,4.4,4.0,4.6,3.7,8.5,10.3,7.4,6.6,12.2,4.6,4.8,5.1,4.4,6.3,4.9,5.5,4.7,5.3,5.0,4.8,5.1,5.4,1.9,9.7,11.2,2.6,-3.6,2.3,5.1,5.3,5.8,8.7,5.3,6.4,6.6,6.0,5.8,-0.8,3.9,5.0,-8.2,-5.7,-8.3,3.7,1.9,-0.7,-0.2,-13.1,2.2,0.2,2.2,9.0,-0.3,9.2,9.3,8.9,9.9,11.3,5.0,5.7,3.4,6.9,8.7,8.0,9.6,5.5,2.3
2015-10,4.2,4.7,13.8224,1.1006,500.346,0.2,-1.9,6.0,7204.2,96.82,49.56,95.05,4.7,4.8,5.2,4.5,7.1,4.2,8.4,2.9,10.2,-0.1,0.6,8.7,3.2,4.0,5.8,3.2,7.5,8.4,6.8,6.9,9.5,4.5,4.7,4.9,4.3,6.3,4.9,5.5,4.7,5.3,5.0,4.8,5.1,5.4,1.9,9.7,11.2,3.0,-2.2,3.2,4.8,5.3,5.9,8.9,5.1,6.4,6.6,6.0,5.8,-0.7,4.4,5.6,-8.3,-5.4,-8.0,3.6,1.6,-0.7,-0.2,-12.4,2.8,0.8,3.1,9.4,-0.5,9.2,9.3,8.9,9.9,11.3,5.2,6.3,2.2,7.0,8.9,8.0,9.6,5.5,2.7
2015-11,4.4,4.8,14.448,1.0565,495.119,0.5,-1.2,6.25,6926.2,92.77,44.61,92.73,4.7,4.9,5.0,4.6,7.3,4.2,6.8,1.9,11.4,-5.9,2.2,8.7,3.6,4.1,5.3,3.7,7.1,7.9,6.7,7.0,8.6,4.6,4.5,4.6,4.1,6.3,4.9,5.5,4.7,5.3,5.0,4.8,5.1,5.4,1.4,9.7,11.2,3.1,-2.2,3.7,4.8,5.3,5.8,8.9,5.0,6.4,6.6,6.0,6.1,0.0,4.1,5.2,-8.4,-4.2,-6.6,4.0,2.0,-0.7,-0.2,-11.5,3.2,1.1,3.1,8.7,1.8,9.2,9.3,8.9,9.9,11.3,5.3,5.3,4.8,6.7,8.9,8.0,9.6,5.5,2.7
2015-12,4.6,5.2,15.4685,1.0862,462.071,0.7,-1.6,6.25,6807.4,92.35,37.28,87.74,5.9,5.8,5.5,6.3,7.6,4.2,7.5,1.9,14.1,-2.4,9.4,9.3,4.6,5.0,7.0,4.0,6.6,7.3,6.6,5.6,8.4,4.5,4.5,4.6,4.1,6.7,5.2,5.0,5.2,5.5,5.3,5.4,4.7,5.8,1.2,9.7,11.2,3.4,-2.3,4.7,5.1,5.1,6.4,8.9,6.2,6.4,6.6,6.0,6.1,1.9,3.8,5.0,-8.1,0.0,-1.3,4.0,2.2,0.2,0.7,-10.8,2.6,1.4,2.7,7.0,-1.1,9.2,9.3,8.9,9.9,11.3,5.1,4.9,5.6,6.6,8.9,7.8,9.6,5.5,2.7
2016-01,7.6,6.2,15.8907,1.0831,483.441,1.4,-2.9,6.75,6604.1,92.32,34.74,80.61,6.9,6.9,6.3,7.5,8.2,4.3,7.4,2.6,17.4,3.8,14.2,9.2,4.7,5.4,9.0,3.9,8.2,9.7,7.1,9.0,10.7,4.5,4.4,4.8,4.0,6.7,5.2,5.0,5.2,5.5,5.3,5.4,4.7,5.8,0.0,9.7,11.2,3.4,-2.2,4.6,5.2,5.1,5.6,8.9,4.6,6.4,6.6,6.0,6.1,5.6,4.1,5.3,-8.2,8.1,10.1,3.0,2.7,0.3,0.6,-10.6,5.9,2.2,10.1,9.5,-7.3,9.2,9.3,8.9,9.9,11.3,5.6,5.9,5.3,6.8,8.9,7.6,9.6,7.7,3.2
2016-02,8.1,7.0,15.8715,1.0873,479.73,1.0,1.8,6.75,6643.2,93.63,35.97,82.97,8.6,8.8,7.0,10.3,10.6,5.0,5.8,1.9,17.8,13.2,21.5,12.4,4.7,6.1,10.1,4.3,7.7,8.9,7.3,8.9,9.2,4.6,4.7,4.9,3.8,6.7,5.2,5.0,5.2,5.5,5.3,5.4,4.7,5.8,0.1,9.7,11.2,3.6,-1.5,4.7,4.8,5.1,5.6,8.7,4.9,6.0,6.1,5.4,5.4,8.7,4.5,5.6,-8.3,16.2,20.9,3.7,2.6,0.2,0.6,-10.7,6.0,2.5,10.2,8.6,-8.2,9.2,9.3,8.9,9.9,11.3,6.3,6.4,6.4,6.9,8.7,7.5,9.3,7.7,3.2
2016-03,7.1,6.3,14.7673,1.138,492.341,0.9,-2.6,7.0,7070.9,97.08,39.6,84.39,9.4,9.8,7.1,12.6,13.2,6.1,6.5,3.7,18.0,18.6,18.8,11.6,4.6,6.2,11.5,3.8,6.1,6.8,5.8,6.1,7.4,4.7,4.7,5.0,4.2,6.5,5.3,5.6,4.7,5.3,5.1,5.0,5.5,5.6,-0.8,9.7,11.2,3.8,-1.1,6.1,4.8,5.4,6.5,8.7,7.4,6.0,6.1,5.4,5.4,4.7,6.9,8.1,-8.0,3.4,3.9,2.2,3.0,0.1,0.6,-13.8,6.3,3.6,10.2,8.5,-13.2,4.5,4.7,8.0,0.0,0.0,5.8,6.7,4.3,6.6,8.7,7.5,9.3,7.7,3.2
2016-04,7.2,6.2,14.2302,1.1451,501.573,1.1,3.5,7.0,7190.9,100.07,48.13,87.54,11.0,11.3,8.4,14.1,14.9,6.4,7.2,5.1,19.7,19.6,23.0,11.1,8.8,7.3,13.1,5.0,5.9,6.7,5.9,8.0,6.4,4.3,4.9,5.2,4.1,6.5,5.3,5.6,4.7,5.3,5.1,5.0,5.5,5.6,-0.5,9.7,11.2,3.9,-1.1,6.8,4.6,5.4,6.2,8.8,6.4,6.2,6.2,5.4,5.4,2.7,7.4,8.6,-7.8,-1.1,-2.4,3.5,2.1,0.1,0.6,-14.3,6.3,3.3,9.6,9.1,-8.9,4.5,4.7,8.0,0.0,0.0,5.7,6.5,3.5,7.2,8.8,7.7,9.1,8.2,6.1
2016-05,6.6,6.1,15.7086,1.1132,494.083,1.0,3.6,7.0,7323.0,101.44,49.69,83.97,10.5,10.8,8.2,13.2,14.5,6.1,6.3,6.7,19.6,12.9,21.2,10.7,7.0,7.2,13.5,4.9,5.5,6.1,5.3,6.4,6.1,4.2,5.0,5.4,4.2,6.5,5.3,5.6,4.7,5.3,5.1,5.0,5.5,5.6,-0.6,9.7,11.2,3.8,-1.1,6.4,5.0,5.4,5.0,8.6,3.8,6.2,6.2,5.4,5.2,3.2,7.7,8.8,-7.8,-0.3,-1.4,3.5,2.0,-0.4,0.1,-13.4,6.1,3.8,9.6,7.7,-9.4,4.5,4.7,8.0,0.0,0.0,5.7,6.8,2.7,6.9,8.6,7.7,9.1,7.5,6.1
2016-06,6.7,6.3,14.7266,1.1106,514.026,1.0,5.2,7.0,7101.7,103.58,49.68,86.03,10.9,11.1,9.3,12.8,14.8,6.1,7.5,8.2,18.9,14.0,18.4,12.1,10.4,8.0,16.1,5.1,5.1,5.4,4.4,6.1,5.8,4.0,4.8,5.1,4.2,6.5,5.2,6.2,5.0,5.2,5.3,5.3,5.9,5.4,-0.5,9.7,11.2,3.9,-0.7,6.6,4.8,5.1,5.2,8.6,4.3,6.2,6.2,5.4,5.2,3.3,7.7,9.0,-7.6,0.3,-1.1,4.0,2.5,-0.4,0.1,-12.3,6.6,4.7,9.5,7.0,-7,4.5,4.7,8.0,0.0,0.0,6.3,7.2,3.9,7.2,8.6,7.7,9.1,7.8,6.1
2016-07,7.4,6.0,13.8787,1.1174,525.506,0.8,0.2,7.0,7184.3,103.88,42.46,90.59,11.2,11.7,10.4,12.5,15.0,6.4,9.0,9.4,20.4,21.5,15.4,15.5,11.2,8.9,16.9,5.5,5.2,5.5,4.8,5.8,5.8,4.4,4.8,5.0,3.8,5.8,5.2,6.2,5.0,5.2,5.3,5.3,5.9,5.4,0.4,8.1,7.3,4.1,-1.0,7.6,4.8,5.1,5.2,8.8,4.8,6.2,6.2,5.4,5.2,3.2,9.1,10.5,-7.6,-1.6,-3.4,5.3,2.5,-0.1,0.2,-10.0,6.3,4.8,9.1,7.7,-9.5,4.5,4.7,8.0,0.0,0.0,6.9,7.7,4.5,7.0,8.8,7.4,9.1,7.5,4.6
2016-08,7.2,5.9,14.7313,1.1158,516.224,1.1,2.3,7.0,7203.5,102.13,47.04,94.35,11.3,11.6,11.3,12.0,16.0,5.4,9.6,9.7,17.5,19.8,15.4,20.7,10.8,8.4,16.9,5.0,5.2,5.2,4.9,5.1,5.2,4.9,5.0,5.5,4.1,5.8,5.2,6.2,5.0,5.2,5.3,5.3,5.9,5.4,0.4,8.1,7.3,3.8,-0.9,7.4,4.6,5.1,5.1,8.6,4.0,6.2,6.2,5.4,4.8,2.1,8.8,10.2,-7.5,-4.4,-7.3,5.8,3.1,-0.2,0.1,-8.5,6.7,5.0,9.6,9.0,-11.2,4.5,4.7,8.0,0.0,0.0,6.6,7.4,4.7,7.0,8.6,7.4,9.1,7.8,4.6
2016-09,6.6,6.1,13.7225,1.1235,531.61,1.5,0.5,7.0,7135.7,101.71,49.06,92.57,11.3,11.7,11.3,11.8,16.5,5.0,9.2,9.9,15.3,24.9,14.0,21.6,11.1,9.2,17.1,6.1,5.3,5.2,5.1,5.3,5.4,4.9,5.4,5.7,4.6,5.5,4.9,5.8,4.4,4.9,4.6,4.6,6.2,5.1,-0.1,8.1,7.3,4.0,-0.5,7.7,4.5,5.3,5.1,8.6,3.8,6.2,6.2,5.4,4.8,3.7,9.3,10.9,-7.4,-1.5,-3.4,5.2,2.9,-0.2,0.1,-8.9,6.8,5.4,9.6,7.1,-7.3,4.5,4.7,8.0,0.0,0.0,6.7,7.3,4.8,7.3,8.6,7.7,9.1,7.8,4.6
2016-10,6.6,6.4,13.4741,1.0981,535.017,1.6,-3.2,7.0,6957.9,100.64,48.3,94.29,11.8,12.1,11.8,12.1,16.4,5.6,9.8,10.6,14.6,24.7,15.0,21.3,13.1,9.2,17.5,5.8,5.2,5.3,6.4,5.0,5.2,4.9,5.4,5.8,4.6,5.5,4.9,5.8,4.4,4.9,4.6,4.6,6.2,5.1,0.2,8.1,7.3,4.0,-0.3,7.0,4.8,5.3,5.1,8.6,4.4,6.2,6.2,5.4,4.8,4.4,8.3,9.7,-7.3,1.1,0.0,5.5,2.8,-0.1,0.1,-8.4,6.8,5.5,8.9,7.3,-3.7,4.5,4.7,8.0,0.0,0.0,6.8,7.2,6.3,7.6,8.6,7.7,9.1,7.8,8.0
2016-11,6.8,6.6,14.094,1.0589,525.233,1.7,2.0,7.0,6919.3,101.2,50.47,95.94,11.5,11.7,11.5,11.9,17.0,6.0,10.7,10.2,12.0,25.2,12.2,21.6,12.4,9.6,17.8,6.3,5.0,5.2,6.8,4.7,5.1,4.5,5.4,5.8,4.7,5.5,4.9,5.8,4.4,4.9,4.6,4.6,6.2,5.1,0.0,8.1,7.3,3.7,-1.1,6.1,4.7,5.3,5.5,8.6,4.8,6.2,6.2,5.4,4.9,6.2,8.8,10.2,-6.9,5.5,5.6,5.3,2.9,-0.2,0.1,-9.1,6.0,4.4,9.1,6.9,-6.6,4.5,4.7,8.0,0.0,0.0,6.2,7.1,4.6,7.6,8.6,7.7,9.1,7.8,8.0
2016-12,7.2,6.8,13.7401,1.0517,533.467,2.1,-1.5,7.0,6986.3,102.33,56.82,97.98,11.8,11.9,11.9,11.9,17.4,7.7,10.7,10.5,9.7,19.2,8.9,21.5,12.7,10.0,15.4,7.9,5.6,5.9,7.1,6.3,5.2,4.7,5.2,5.6,4.8,5.6,5.1,5.9,4.8,5.2,5.0,4.9,6.6,5.3,0.2,8.1,7.3,4.1,0.5,5.7,4.8,5.3,5.6,8.6,5.5,6.2,6.2,5.4,4.9,5.7,9.1,10.5,-6.9,4.1,3.9,5.1,2.5,-0.2,0.1,-10.4,7.6,5.5,9.1,10.0,2.1,4.5,4.7,8.0,0.0,0.0,7.0,7.5,5.5,7.7,8.6,7.8,9.1,7.8,8.0
2017-01,6.0,6.6,13.4753,1.0798,540.586,2.5,1.1,7.0,7287.3,106.54,55.7,99.48,11.4,11.7,11.4,11.8,17.1,8.9,11.3,11.0,7.2,11.2,4.6,21.4,12.3,9.1,14.6,6.7,3.6,3.1,6.7,3.1,2.0,4.5,5.2,5.3,4.7,5.6,5.1,5.9,4.8,5.2,5.0,4.9,6.6,5.3,0.8,8.1,7.3,4.2,1.6,5.3,4.4,5.3,6.0,8.6,6.1,6.2,6.2,5.4,4.9,6.8,8.7,9.7,-5.8,7.2,7.2,6.1,2.2,-0.4,0.1,-11.3,3.7,4.9,1.2,5.2,10.1,4.5,4.7,8.0,0.0,0.0,6.2,7.0,4.3,7.7,8.6,8.1,9.1,5.9,6.6
2017-02,5.7,6.3,13.1285,1.0576,544.434,2.7,-4.0,7.0,7060.7,107.02,55.59,101.67,9.8,10.0,9.8,10.0,12.8,10.0,10.6,10.7,5.0,11.1,-0.5,17.0,11.8,9.4,14.3,7.4,2.7,2.2,5.9,3.0,0.5,4.7,4.8,5.1,4.3,5.6,5.1,5.9,4.8,5.2,5.0,4.9,6.6,5.3,1.1,8.1,7.3,3.4,-0.4,3.4,4.5,5.3,6.6,9.6,5.5,6.6,6.9,6.3,5.2,7.1,8.2,9.4,-4.8,8.2,8.8,5.7,2.9,-0.3,0.1,-10.3,3.7,5.2,1.2,5.5,11,4.5,4.7,8.0,0.0,0.0,6.4,6.5,5.7,7.3,9.6,8.0,10.2,5.9,6.6
2017-03,5.1,6.1,13.4136,1.0652,546.603,2.4,0.0,7.0,7250.1,103.44,52.83,103.52,8.6,8.8,9.4,7.6,8.5,9.9,10.4,9.1,1.9,4.6,0.0,17.6,11.6,9.7,13.4,8.2,3.2,3.0,5.7,6.4,0.5,3.4,4.4,4.7,3.5,5.7,4.8,4.8,4.7,5.3,4.7,4.8,5.1,5.1,1.9,8.7,7.3,3.1,-0.4,2.0,4.5,5.0,6.3,9.6,4.8,6.6,6.9,6.3,5.2,7.6,5.8,6.7,-3.8,12.8,15.0,5.3,0.9,-0.9,-0.4,-9.0,3.7,3.6,1.2,7.3,18.5,7.0,7.0,7.6,6.3,8.5,6.1,6.3,5.2,7.6,9.6,8.0,10.2,6.0,6.6
2017-04,4.6,5.3,13.3701,1.0895,554.621,2.2,-5.2,7.0,7514.3,102.81,51.73,98.98,6.6,6.6,7.7,5.3,5.4,10.6,9.8,6.2,-0.1,-1.2,-5.2,18.5,7.0,8.0,12.1,5.9,2.9,2.0,3.0,4.6,0.5,4.8,4.0,4.4,3.4,5.7,4.8,4.8,4.7,5.3,4.7,4.8,5.1,5.1,2.0,8.7,7.3,2.8,-0.8,0.3,4.5,5.0,6.4,9.6,6.1,6.3,6.5,6.3,5.0,4.7,5.7,6.3,-3.0,5.4,5.6,4.5,1.2,-0.8,-0.4,-7.6,3.6,3.8,1.7,5.7,11.7,7.0,7.0,7.6,6.3,8.5,6.4,6.1,7.2,7.2,9.6,8.0,10.3,5.6,6.4
2017-05,4.8,5.4,13.1179,1.1244,560.066,1.9,-1.1,7.0,7482.5,105.22,50.31,99.25,6.9,7.1,8.3,5.9,3.4,12.3,7.3,5.2,-1.2,5.3,-2.8,18.7,8.7,7.4,10.6,5.8,3.2,2.0,3.4,5.3,0.1,5.1,3.9,4.1,3.3,5.7,4.8,4.8,4.7,5.3,4.7,4.8,5.1,5.1,2.1,8.7,7.3,2.9,-0.7,0.2,4.5,5.0,6.9,9.7,6.9,6.3,6.5,6.3,5.1,5.2,4.9,5.4,-2.0,7.3,8.0,4.8,1.6,-0.9,-0.4,-7.9,3.8,2.5,1.7,7.3,19.1,7.0,7.0,7.6,6.3,8.5,4.8,5.5,4.3,7.2,9.7,8.0,10.3,5.3,6.4
2017-06,4.0,5.1,13.0744,1.1426,554.769,1.6,-2.4,7.0,7221.6,104.52,47.92,101.16,6.9,7.0,7.5,6.4,3.1,12.9,5.8,4.1,-1.6,3.8,-1.1,17.3,5.5,6.7,9.6,5.1,3.3,2.6,4.4,6.2,0.0,5.3,3.8,4.0,3.2,5.6,5.1,5.0,4.8,5.4,4.9,4.8,5.5,5.1,2.0,8.9,7.3,2.5,-2.1,-0.8,4.7,5.4,7.0,9.7,7.3,6.3,6.5,6.3,5.1,3.4,4.9,5.3,-0.9,2.5,2.1,4.3,1.2,-1.1,-0.4,-9.9,3.3,0.9,1.8,6.8,23.8,7.0,7.0,7.6,6.3,8.5,4.1,4.8,3.6,7.2,9.7,8.1,10.3,5.3,6.4
2017-07,3.7,4.6,13.1859,1.1842,563.11,1.7,-1.6,6.75,7729.5,106.86,52.65,98.3,6.8,6.7,6.8,6.7,2.1,14.3,4.9,3.3,-2.7,-2.1,-1.3,14.5,3.7,6.5,8.8,5.2,3.3,2.7,3.7,6.2,0.4,4.9,3.5,3.8,3.1,4.5,5.1,5.0,4.8,5.4,4.9,4.8,5.5,5.1,1.6,7.1,2.1,2.4,-1.3,-2.2,4.7,5.4,7.0,9.7,7.1,6.3,6.5,6.3,5.1,0.9,3.7,4.0,0.0,-1.9,-3.6,4.1,1.7,-1.2,-0.4,-11.3,3.1,-0.2,1.7,8.7,24,7.0,7.0,7.6,6.3,8.5,4.1,5.0,3.8,7.8,9.7,8.0,10.3,5.4,11.9
2017-08,4.2,4.8,13.0032,1.191,568.893,1.9,1.3,6.75,7934.0,102.08,52.38,96.22,5.6,5.8,4.7,6.5,-1.1,14.9,4.7,2.8,-3.8,-3.5,-1.6,8.1,2.9,5.4,7.4,4.3,4.3,4.6,3.8,6.6,3.9,4.2,2.9,3.0,2.5,4.5,5.1,5.0,4.8,5.4,4.9,4.8,5.5,5.1,2.0,7.1,2.1,2.0,-3.0,-3.1,4.8,5.4,6.9,9.7,7.1,6.3,6.5,6.3,5.5,3.8,3.4,3.5,1.1,5.3,5.7,3.4,1.7,-1.3,-0.4,-13.2,2.5,-1.0,1.2,6.8,24.4,7.0,7.0,7.6,6.3,8.5,4.2,5.4,2.9,7.6,9.7,8.0,10.3,5.5,11.9
2017-09,5.2,5.1,13.559,1.1814,575.189,2.2,-2.2,6.75,7864.9,100.85,57.54,96.24,5.5,5.4,4.3,6.5,-2.8,15.6,4.4,2.8,-3.3,-4.4,-0.5,6.3,2.9,5.3,7.2,3.9,4.7,5.0,3.8,6.7,4.5,4.5,2.3,2.4,1.9,4.9,5.7,5.7,5.6,5.8,5.3,5.3,5.7,5.4,1.9,7.2,2.1,2.0,-3.0,-3.1,5.0,5.1,7.1,9.9,7.9,6.3,6.5,6.3,5.5,5.6,2.8,2.7,2.0,10.3,12.2,4.0,2.3,-1.4,-0.4,-13.7,2.3,-1.1,0.8,7.9,20.4,7.0,7.0,7.6,6.3,8.5,3.4,5.5,0.3,7.6,9.9,8.1,10.3,5.5,11.9
2017-10,5.0,4.8,14.1272,1.1646,561.958,2.0,2.0,6.75,8357.4,101.65,61.37,93.42,5.2,5.2,3.6,6.8,-3.0,15.6,3.1,2.7,-2.7,-3.5,0.7,5.1,1.0,4.9,7.0,3.5,5.0,5.3,3.5,7.2,5.0,4.8,2.0,2.1,1.5,5.0,5.7,5.7,5.6,5.8,5.3,5.3,5.7,5.4,2.1,7.2,2.2,1.9,-3.7,-3.0,4.5,5.1,6.7,9.7,6.7,6.3,6.5,6.3,5.5,5.4,2.8,2.7,2.9,9.1,10.8,3.5,2.6,-1.5,-0.4,-14.6,1.5,-1.5,0.7,7.5,12,7.0,7.0,7.6,6.3,8.5,3.2,5.5,-1.0,7.2,9.7,8.1,10.3,5.5,8.0
2017-11,5.1,4.6,13.6981,1.1904,556.492,2.2,1.7,6.75,8479.1,102.29,63.57,90.79,5.2,5.3,3.3,6.9,-4.9,14.9,2.4,4.4,-2.3,-4.6,3.1,4.6,0.4,5.0,6.3,4.0,5.0,5.3,2.9,6.9,5.1,4.7,1.8,2.0,1.6,5.0,5.7,5.7,5.6,5.8,5.3,5.3,5.7,5.4,2.6,7.2,2.2,1.9,-3.2,-3.3,4.8,5.1,6.5,9.7,6.3,6.3,6.5,6.3,5.1,4.4,2.7,2.4,3.9,7.0,7.8,3.5,2.6,-1.6,-0.4,-16.0,1.5,-2.1,0.5,7.4,12.9,7.0,7.0,7.6,6.3,8.5,3.3,6.6,-3.2,7.2,9.7,8.1,10.3,5.5,8.0
2017-12,5.2,4.7,12.3828,1.2005,587.965,2.1,2.3,6.75,8450.3,102.28,66.87,96.42,4.8,5.0,3.0,6.3,-5.0,13.9,3.2,4.8,-2.6,-4.2,1.1,3.8,-0.2,4.2,6.2,3.0,4.9,5.2,2.5,7.1,5.2,4.5,1.8,1.8,1.4,4.3,5.1,5.7,4.3,6.0,4.2,4.2,5.3,5.0,2.4,7.2,2.2,1.7,-4.5,-2.8,4.7,5.1,5.8,9.5,4.6,6.3,6.5,6.3,5.1,6.4,2.5,2.3,4.4,11.8,14.2,3.8,3.5,-1.7,-0.4,-15.7,0.4,-3.3,0.8,4.9,2.2,7.0,7.0,7.6,6.3,8.5,3.1,5.9,-2.4,7.0,9.5,8.1,10.3,5.5,8.0
2018-01,5.0,4.4,11.8514,1.2414,598.896,2.1,1.6,6.75,8458.7,105.82,69.05,101.77,4.6,4.6,2.8,6.0,-5.2,13.4,3.5,4.3,-3.4,-3.6,1.7,4.2,-0.4,4.1,5.7,3.2,5.3,5.6,2.5,7.2,6.1,4.8,1.7,2.0,1.2,4.3,5.1,5.7,4.3,6.0,4.2,4.2,5.3,5.0,2.8,7.3,2.2,1.5,-4.1,-3.2,4.6,5.1,6.1,9.7,5.4,6.3,6.5,6.3,5.1,4.3,2.5,2.5,4.3,7.7,9.2,2.7,0.9,-1.6,-0.4,-15.8,0.7,-2.9,0.8,5.6,3.8,7.0,7.0,7.6,6.3,8.5,3.5,5.9,-1.3,7.0,9.7,8.1,10.3,6.0,7.4
2018-02,4.1,4.0,11.7957,1.2194,622.439,2.2,0.2,6.75,8292.1,105.89,65.78,103.97,3.9,3.9,3.3,4.6,-5.1,11.4,4.4,4.7,-2.7,-4.3,1.2,4.4,-0.2,3.0,3.6,2.9,6.2,6.6,4.0,8.0,7.2,4.8,1.5,1.7,1.3,4.4,5.1,5.7,4.3,6.0,4.2,4.2,5.3,5.0,3.1,7.3,2.2,1.9,-4.1,-2.1,4.7,5.1,5.7,8.0,5.9,5.6,5.6,5.0,5.0,3.3,2.8,2.4,4.2,4.4,5.1,2.5,1.7,-1.6,-0.4,-15.6,0.5,-4.0,0.8,6.6,2.3,7.0,7.0,7.6,6.3,8.5,3.1,6.0,-2.8,6.3,8.0,6.9,8.5,6.0,7.4
2018-03,3.7,3.8,11.8408,1.2324,635.329,2.4,-2.6,6.5,7945.8,106.91,70.27,103.91,3.5,3.5,2.7,4.4,-4.9,9.9,5.7,4.3,-1.4,-5.5,2.2,1.6,-0.4,2.5,3.2,2.0,5.2,6.5,4.7,6.8,7.1,2.9,1.5,1.7,1.3,4.5,5.1,5.9,4.7,6.3,4.6,4.5,5.3,5.3,2.7,6.9,2.2,2.0,-4.3,-2.2,5.0,5.6,5.1,7.8,4.3,5.6,5.6,5.0,5.0,2.9,2.6,2.4,4.0,2.9,2.9,3.1,3.1,-1.0,0.1,-15.3,0.3,-4.4,0.9,4.9,3.2,6.8,6.8,7.7,5.2,8.3,2.8,6.1,-3.7,6.3,7.8,7.0,8.5,5.8,7.4
2018-04,4.4,4.5,12.4608,1.2078,630.866,2.5,1.5,6.5,8372.3,106.72,75.17,101.97,3.9,3.7,3.3,4.0,-3.8,8.9,5.9,5.2,-1.1,-8.1,2.6,-1.4,2.7,5.2,3.8,6.1,6.0,7.9,7.5,7.9,8.0,2.0,1.6,1.8,1.3,4.8,5.1,5.9,4.7,6.3,4.6,4.5,5.3,5.3,2.9,7.2,3.1,2.6,-3.8,-0.9,5.3,5.6,4.9,7.9,3.5,5.7,6.0,5.0,5.0,5.0,3.0,3.0,3.8,7.8,9.0,3.7,2.7,1.0,2.5,-16.4,1.4,-4.1,2.1,7.3,4.7,6.8,6.8,7.7,5.2,8.3,4.3,7.7,-2.2,6.1,7.9,7.1,8.5,6.4,5.2
2018-05,4.6,4.4,12.6993,1.1693,618.533,2.8,1.7,6.5,8081.3,108.36,77.59,100.73,3.4,2.9,2.1,3.9,-4.0,7.8,6.9,4.4,-1.4,-6.4,3.5,-4.3,1.6,5.5,5.4,5.7,6.1,8.6,7.5,7.8,9.4,1.7,1.7,1.9,1.2,4.8,5.1,5.9,4.7,6.3,4.6,4.5,5.3,5.3,2.5,7.3,3.1,2.3,-4.1,-0.9,5.1,5.6,4.8,7.8,3.6,5.8,6.0,5.0,4.8,5.1,3.0,3.0,3.6,8.2,9.4,3.3,2.1,1.1,2.5,-15.8,1.3,-3.8,2.1,6.5,5,6.8,6.8,7.7,5.2,8.3,5.0,7.1,0.7,6.3,7.8,7.3,8.5,6.4,5.2
2018-06,5.9,4.6,13.725,1.1684,611.297,2.9,0.4,6.5,8306.3,104.08,79.44,95.93,3.4,3.0,1.9,4.0,-3.2,6.8,7.5,3.8,-1.5,-3.2,5.8,-5.4,2.8,6.1,4.9,7.0,6.1,8.2,7.7,7.1,9.1,1.7,1.8,2.0,1.3,4.1,4.2,5.2,3.6,4.6,3.7,3.6,4.6,4.4,3.0,7.2,3.1,2.7,-2.2,-0.5,4.8,5.0,4.7,7.8,3.2,5.8,6.0,5.0,4.8,7.3,3.1,3.0,3.5,13.6,16.3,3.3,3.1,1.1,2.5,-16.1,0.6,-3.2,0.6,7.3,0.3,6.8,6.8,7.7,5.2,8.3,4.4,7.2,-1.2,6.1,7.8,7.1,8.5,6.4,5.2
2018-07,6.0,5.1,13.275,1.1691,626.081,2.9,2.6,6.5,8285.7,101.33,74.25,96.24,3.4,3.0,1.5,4.2,-3.1,5.6,6.6,4.2,-1.8,-4.2,8.7,-5.9,3.7,6.6,3.8,8.0,6.0,7.9,7.5,7.5,8.5,2.3,1.8,2.2,1.1,5.3,4.2,5.2,3.6,4.6,3.7,3.6,4.6,4.4,3.0,10.9,7.7,2.8,-2.5,0.8,4.7,5.0,4.4,7.6,2.6,5.8,6.0,5.0,4.8,10.1,3.0,2.9,3.4,20.4,25.4,3.2,3.3,1.1,2.5,-16.6,0.4,-2.6,0.6,5.6,-3.2,6.8,6.8,7.7,5.2,8.3,4.2,6.5,-0.9,5.6,7.6,7.3,8.5,6.7,0.6
2018-08,6.3,4.9,14.6887,1.1602,614.402,2.7,1.5,6.5,8479.7,97.36,77.42,92.69,3.5,2.8,1.9,3.8,-2.2,5.4,5.2,3.7,-0.6,-3.3,8.9,-5.9,2.8,8.2,4.4,10.4,4.7,5.5,7.5,6.2,4.4,2.5,1.9,2.3,0.9,5.4,4.2,5.2,3.6,4.6,3.7,3.6,4.6,4.4,3.0,11.2,7.9,2.9,-1.9,0.5,4.7,5.0,5.3,7.9,3.4,6.6,6.8,5.8,4.7,9.6,2.8,2.9,3.1,19.3,23.6,3.5,2.9,1.2,2.5,-15.7,0.3,-2.6,0.6,5.4,-2.9,6.8,6.8,7.7,5.2,8.3,4.0,5.9,-0.3,5.6,7.9,7.3,8.5,6.6,0.6
2018-09,6.2,4.9,14.1415,1.1604,616.243,2.3,-0.5,6.5,8125.9,98.63,82.72,88.42,3.9,3.4,2.9,3.6,-0.7,4.7,5.4,4.2,1.4,-4.8,9.1,-1.0,3.3,8.4,4.6,10.6,4.2,5.1,7.9,5.8,3.4,2.5,1.9,2.3,1.1,5.3,4.0,4.7,3.5,4.7,3.6,3.5,4.4,4.4,3.0,11.1,7.9,3.0,-3.0,1.5,4.9,5.2,5.4,7.9,3.7,6.6,6.8,5.8,4.7,8.7,3.0,3.0,3.0,15.2,18.6,3.1,7.1,1.1,2.5,-16.7,0.5,-2.7,0.9,5.8,-4.3,6.8,6.8,7.7,5.2,8.3,4.6,6.1,1.2,5.5,7.9,6.8,8.5,6.6,0.6
2018-10,6.9,5.1,14.7864,1.1312,605.718,2.5,3.3,6.5,7657.5,100.42,75.47,91.05,3.4,2.9,2.8,2.9,-0.8,4.0,5.1,2.8,0.7,-4.1,7.8,1.8,3.2,8.0,3.6,10.8,4.2,5.2,6.9,5.2,4.5,2.1,1.9,2.3,1.1,5.2,4.0,4.7,3.5,4.7,3.6,3.5,4.4,4.4,3.1,11.1,7.7,2.9,-2.2,0.8,4.9,5.2,5.0,7.8,2.5,6.6,6.8,5.8,4.7,10.5,4.0,4.2,3.0,18.9,22.8,3.4,6.8,1.2,2.5,-15.3,0.7,-2.8,1.0,6.1,-1.8,6.8,6.8,7.7,5.2,8.3,4.3,5.8,0.7,5.5,7.8,6.8,8.5,6.6,0.6
2018-11,6.8,5.2,13.8699,1.1317,629.135,2.2,1.1,6.75,7414.4,95.86,58.71,93.98,3.4,2.8,3.5,2.1,1.3,2.7,6.0,2.0,1.4,-3.7,7.7,2.8,3.4,8.5,4.1,10.8,4.7,5.8,6.9,6.0,5.4,2.2,1.7,2.0,0.9,5.2,4.0,4.7,3.5,4.7,3.6,3.5,4.4,4.4,3.2,11.1,7.7,3.3,-1.3,1.8,4.9,5.2,5.1,7.8,2.9,6.6,6.8,5.8,4.8,10.7,3.8,3.8,2.9,19.3,23.2,3.8,6.8,1.4,2.5,-13.0,0.9,-1.5,1.0,6.0,-2.2,6.8,6.8,7.7,5.2,8.3,4.1,5.0,2.0,5.6,7.8,6.8,8.5,6.6,0.6
2018-12,5.3,4.5,14.3467,1.1467,633.152,1.9,0.5,6.75,7729.6,98.69,53.8,93.09,3.0,2.3,3.5,1.5,1.1,1.8,5.7,1.4,2.1,-1.6,8.5,4.2,3.8,7.7,4.3,9.8,4.8,6.1,7.6,6.0,5.8,2.4,1.6,2.0,1.2,5.4,4.2,4.8,3.8,4.8,3.8,3.7,4.4,4.2,3.6,11.2,7.7,3.3,-1.6,1.6,5.0,5.2,5.1,7.8,3.0,6.6,6.8,5.8,4.8,6.0,3.5,3.7,2.0,7.6,8.6,3.3,7.6,1.4,2.5,-13.5,1.1,-1.1,0.7,7.2,0.3,6.8,6.8,7.7,5.2,8.3,3.7,5.0,0.6,5.6,7.8,6.8,8.5,6.6,0.6
2019-01,4.0,4.0,13.2542,1.1448,651.525,1.6,1.0,6.75,7946.5,100.47,61.89,94.47,2.9,2.4,3.9,1.3,2.8,0.7,5.9,0.8,1.5,0.4,11.0,3.5,2.9,8.7,4.6,11.2,4.7,6.0,7.1,6.1,5.4,2.2,1.7,2.0,1.2,5.4,4.2,4.8,3.8,4.8,3.8,3.7,4.4,4.2,3.3,11.1,7.6,3.4,-1.9,1.9,5.1,5.2,4.8,7.8,2.3,6.6,6.8,5.8,4.8,2.9,3.7,3.8,1.7,-0.1,-1.1,3.9,9.5,1.5,2.5,-11.4,1.1,-1.4,0.9,6.9,-0.3,6.8,6.8,7.7,5.2,8.3,3.6,5.6,-0.3,5.3,7.8,6.4,8.5,5.1,2.5
2019-02,4.7,4.1,14.0849,1.1371,648.654,1.5,0.4,6.75,8217.6,98.77,66.03,95.03,2.9,2.4,4.1,0.7,4.9,-0.6,5.7,0.7,1.2,4.7,8.9,4.1,3.8,8.7,4.0,11.1,4.6,5.6,6.4,5.5,5.4,2.4,1.8,2.0,1.0,5.3,4.2,4.8,3.8,4.8,3.8,3.7,4.4,4.2,2.6,11.1,7.6,3.5,-0.2,1.5,5.1,5.2,4.3,8.0,2.3,5.6,5.9,5.5,4.5,3.5,3.4,3.6,1.2,1.6,1.0,4.2,8.9,1.5,2.5,-12.2,1.2,-0.9,0.9,7.0,-1,6.8,6.8,7.7,5.2,8.3,4.1,5.3,1.7,5.4,8.0,6.8,8.7,5.1,2.5
2019-03,6.2,4.5,14.5012,1.1218,657.292,1.9,2.3,6.75,8346.0,98.06,68.39,91.21,3.1,2.4,4.4,0.7,6.2,-1.1,4.8,0.9,1.7,7.6,9.4,4.0,3.8,10.1,5.0,13.1,6.4,6.5,7.4,7.8,5.5,6.1,1.9,2.0,1.1,4.6,3.5,4.7,2.5,4.4,2.7,2.5,4.0,3.7,3.2,10.9,7.6,3.5,-0.8,1.6,5.0,5.1,5.3,8.3,4.5,5.6,5.9,5.5,4.5,6.4,3.4,3.6,0.8,8.1,8.8,5.0,10.0,1.5,2.5,-11.3,1.2,-0.2,0.9,6.7,-2.3,6.6,6.6,6.9,6.2,10.8,4.4,5.4,2.5,5.3,8.3,6.6,8.7,4.9,2.5
2019-04,6.4,4.4,14.2986,1.1215,662.219,2.0,4.2,6.75,8698.6,101.57,72.8,93.0,2.9,2.4,4.2,0.9,6.2,-1.2,4.8,0.8,2.1,6.3,10.1,5.1,2.9,7.5,4.1,9.5,5.7,5.8,6.3,7.9,4.5,5.7,1.9,2.1,1.1,4.4,3.5,4.7,2.5,4.4,2.7,2.5,4.0,3.7,2.8,10.7,6.8,3.2,-1.2,1.1,4.9,5.1,4.7,8.2,3.2,5.9,5.8,5.5,4.5,7.4,3.4,3.6,0.3,10.5,11.9,4.4,10.4,-0.4,0.2,-10.6,0.3,-0.4,-0.2,4.9,-2.4,6.6,6.6,6.9,6.2,10.8,2.8,3.6,1.2,5.4,8.2,6.7,8.8,4.2,2.3
2019-05,6.4,4.5,14.5803,1.1169,666.447,1.8,0.2,6.75,8277.4,98.09,64.49,92.14,3.2,2.8,4.8,1.3,7.9,-0.9,5.8,1.3,2.9,4.4,8.1,6.7,4.0,7.0,2.2,9.6,5.5,5.3,5.8,7.9,3.8,6.2,2.0,2.2,1.1,4.5,3.5,4.7,2.5,4.4,2.7,2.5,4.0,3.7,4.4,10.9,6.8,3.3,-0.7,1.0,4.9,5.1,5.2,8.3,4.4,5.7,5.8,5.5,4.5,7.0,3.2,3.5,-0.5,10.1,11.6,4.0,9.5,-0.5,0.2,-10.5,0.4,0.4,-0.1,4.8,-6.9,6.6,6.6,6.9,6.2,10.8,3.3,3.6,2.4,5.3,8.3,6.5,8.8,4.2,2.3
2019-06,5.8,4.5,14.0869,1.1373,681.604,1.6,-4.0,6.75,8673.2,100.21,66.55,90.9,3.6,3.2,5.5,1.5,7.3,0.2,6.0,2.1,3.5,4.5,5.7,8.3,3.9,7.4,2.7,9.9,6.0,5.9,5.9,8.6,4.6,6.3,1.9,2.4,1.1,5.0,4.0,4.5,3.4,5.6,3.3,3.1,4.2,4.3,3.9,10.9,6.8,3.0,-1.3,1.2,4.6,4.6,5.4,8.3,4.6,5.7,5.8,5.5,4.5,5.5,3.0,3.5,-0.9,6.7,7.3,4.0,8.3,-0.3,0.2,-8.5,0.8,-0.7,1.2,4.6,-7.3,6.6,6.6,6.9,6.2,10.8,3.6,3.7,3.1,5.4,8.3,6.6,8.8,4.2,2.3
2019-07,4.9,4.0,14.3429,1.1076,676.534,1.8,-1.4,6.5,8467.4,100.27,65.17,94.29,3.3,2.9,5.2,1.5,7.9,0.2,6.5,1.6,3.0,6.0,4.4,8.7,3.7,5.4,2.6,7.1,6.0,6.0,6.6,8.1,4.7,5.8,1.9,2.2,1.3,5.1,4.0,4.5,3.4,5.6,3.3,3.1,4.2,4.3,4.4,7.1,10.4,2.9,-1.2,1.1,4.6,4.6,5.5,8.3,5.0,5.7,5.8,5.5,4.5,3.0,3.9,4.3,-1.3,0.5,-0.5,4.2,7.7,-0.1,0.4,-8.6,0.8,-0.9,1.2,4.6,-7.3,6.6,6.6,6.9,6.2,10.8,2.8,3.6,1.3,5.6,8.3,6.9,8.8,3.5,2.3
2019-08,4.5,4.3,15.1954,1.0982,683.143,1.7,-1.3,6.5,8261.2,98.26,60.43,88.75,3.9,3.8,5.6,2.5,8.6,0.7,7.5,3.1,4.4,4.3,4.3,10.2,4.4,5.3,2.2,7.1,6.1,6.5,6.5,9.5,4.8,5.6,2.1,2.3,1.5,5.2,4.0,4.5,3.4,5.6,3.3,3.1,4.2,4.3,4.0,7.0,11.8,3.2,-0.5,1.6,4.7,4.6,4.9,8.2,4.6,5.0,5.0,4.7,4.6,3.1,3.9,4.4,-1.7,0.4,-0.4,4.2,8.9,-0.1,0.4,-8.0,1.3,0.2,1.2,5.1,-6.6,6.6,6.6,6.9,6.2,10.8,3.0,3.6,2.2,5.6,8.2,6.9,8.8,3.5,2.3
2019-09,4.1,4.1,15.1363,1.0899,686.614,1.7,-2.2,6.5,8277.0,96.05,60.78,90.97,4.0,3.8,4.8,2.8,8.5,1.1,7.1,2.2,4.2,5.0,5.3,5.1,4.8,5.2,1.5,7.4,6.2,6.5,5.3,10.3,5.3,5.2,2.2,2.5,1.5,4.8,3.3,4.1,2.7,4.3,2.7,2.5,3.7,3.5,4.8,7.1,11.8,3.2,-0.2,1.6,4.3,4.7,4.6,8.1,3.8,5.0,5.0,4.7,4.6,2.4,3.8,4.3,-2.2,1.0,0.1,4.7,3.1,0.0,0.4,-7.3,1.4,0.2,1.4,5.3,-6.6,6.6,6.6,6.9,6.2,10.8,3.3,4.3,1.5,5.6,8.1,6.9,8.8,3.5,2.3
2019-10,3.0,3.7,15.1008,1.1152,684.214,1.8,-0.6,6.5,8537.2,96.38,60.23,90.34,3.6,3.5,4.5,2.7,8.5,1.2,7.5,2.5,2.6,5.1,3.5,2.9,4.1,4.7,2.0,6.2,5.7,5.7,5.4,9.6,3.7,5.8,2.3,2.5,1.6,4.8,3.3,4.1,2.7,4.3,2.7,2.5,3.7,3.5,4.5,7.1,11.8,3.0,-0.6,1.4,4.3,4.7,4.8,8.2,4.5,5.0,5.0,4.7,4.6,0.3,3.4,3.9,-2.7,-3.2,-4.8,4.6,2.5,0.1,0.4,-6.7,1.0,0.2,1.2,3.8,-6.4,6.6,6.6,6.9,6.2,10.8,3.1,4.1,1.0,5.6,8.2,6.9,8.8,3.5,2.3
2019-11,2.3,3.6,14.6706,1.1018,685.731,2.1,-3.7,6.5,8383.9,100.28,62.43,90.73,3.5,3.5,4.6,2.9,8.0,1.9,7.6,2.5,3.3,3.6,1.6,3.2,5.0,3.4,1.0,4.8,5.1,5.0,5.1,8.8,2.7,5.8,2.4,2.6,1.6,4.8,3.3,4.1,2.7,4.3,2.7,2.5,3.7,3.5,4.4,7.2,11.8,2.9,-1.0,1.4,4.3,4.7,4.8,8.2,4.5,5.0,5.0,4.7,4.6,-0.2,3.8,4.4,-3.2,-4.9,-6.7,3.5,2.9,0.0,0.4,-7.1,1.3,-0.2,1.2,5.3,-5.8,6.6,6.6,6.9,6.2,10.8,3.2,4.6,0.5,5.6,8.2,6.9,8.8,3.5,2.3
2019-12,3.4,4.0,14.0,1.1213,698.502,2.3,-7.4,6.5,8660.7,104.02,66.0,92.79,3.9,3.9,4.6,3.3,8.0,2.0,8.1,2.5,2.6,2.1,3.5,4.7,4.8,4.3,1.2,6.0,5.0,4.5,5.0,8.1,2.5,5.8,2.4,2.6,1.5,4.6,3.0,3.4,2.6,3.1,2.4,2.3,3.0,2.8,4.2,7.1,11.8,2.8,-0.7,1.4,3.8,4.4,4.8,8.3,4.6,5.0,5.0,4.7,4.6,3.3,3.9,4.4,-2.6,2.7,2.4,3.8,3.7,0.1,0.4,-5.6,1.3,0.1,1.2,5.4,-8.1,6.6,6.6,6.9,6.2,10.8,2.9,4.7,-1.1,5.4,8.3,6.8,8.8,3.5,2.3
2020-01,4.6,4.5,15.0282,1.1093,706.786,2.5,-2.7,6.25,8513.9,105.4,58.16,92.74,3.8,3.7,4.1,3.3,6.0,2.5,6.8,3.0,3.7,8.7,1.2,6.0,4.9,4.0,2.0,5.1,5.2,4.8,5.3,8.8,2.5,5.7,2.2,2.6,1.3,4.7,3.0,3.4,2.6,3.1,2.4,2.3,3.0,2.8,4.1,7.1,11.9,2.7,-1.1,2.1,3.7,4.4,5.1,8.2,5.1,5.0,5.0,4.7,4.6,6.5,3.6,4.2,-2.6,11.4,13.7,2.7,0.7,0.1,0.5,-6.6,0.8,-0.2,1.0,5.3,-10.7,6.6,6.6,6.9,6.2,10.8,2.3,4.1,-1.5,5.7,8.2,7.1,8.8,6.2,0.7
2020-02,4.5,4.6,15.6609,1.1026,706.477,2.3,-2.6,6.25,7748.7,101.11,50.52,90.05,4.2,4.1,4.0,4.5,4.9,4.2,6.3,3.3,5.1,6.6,2.7,6.0,5.2,3.5,2.6,4.0,4.9,4.6,5.1,8.6,2.2,5.7,2.3,2.6,1.6,4.7,3.0,3.4,2.6,3.1,2.4,2.3,3.0,2.8,3.9,7.2,11.9,2.3,-2.0,1.5,3.7,4.4,5.5,9.0,6.3,5.0,5.1,4.8,3.9,6.2,4.2,4.8,-2.7,10.7,12.7,2.7,0.8,0.0,0.5,-6.3,0.8,-0.1,1.0,4.1,-8.6,6.6,6.6,6.9,6.2,10.8,1.8,4.5,-4.3,6.3,9.0,7.7,9.6,6.2,0.7
2020-03,3.3,4.1,17.8379,1.1031,637.615,1.5,-6.7,5.25,6808.9,97.2,22.74,81.79,4.2,4.4,3.8,4.8,3.7,5.0,5.2,3.7,4.1,7.1,1.6,6.0,5.5,2.1,1.0,2.8,3.7,3.3,4.3,5.0,2.1,4.2,2.3,2.6,1.3,4.8,2.7,3.0,2.7,2.2,2.5,2.5,3.1,2.6,3.7,7.3,11.9,2.6,-1.2,1.9,3.8,4.6,4.6,8.8,4.2,5.0,5.1,4.8,3.9,3.4,4.3,4.8,-2.5,4.7,5.5,2.0,-1.6,0.1,0.5,-7.2,0.9,0.0,0.9,5.1,-10.1,6.4,6.4,7.4,4.7,6.0,1.4,4.4,-5.2,6.5,8.8,7.9,9.6,7.0,0.7
2020-04,1.3,3.0,18.5264,1.0955,662.598,0.3,-53.0,4.25,7760.7,92.93,25.27,74.3,4.3,4.6,4.0,5.1,3.6,6.1,2.8,4.1,6.4,9.1,-0.1,6.5,4.0,3.3,4.7,2.5,2.3,1.8,2.4,2.9,0.9,3.4,1.4,1.8,0.7,4.7,2.7,3.0,2.7,2.2,2.5,2.5,3.1,2.6,3.1,7.2,11.5,2.4,-1.8,1.0,3.9,4.6,4.8,8.7,4.9,4.7,4.8,4.8,3.9,-3.5,3.0,3.4,-2.9,-10.4,-12.7,0.5,-1.7,-0.3,0.1,-7.1,0.4,-0.2,0.6,2.9,-10.1,6.4,6.4,7.4,4.7,6.0,1.1,3.7,-4.8,6.4,8.7,7.8,9.5,7.0,1.0
2020-05,0.3,2.1,17.5465,1.1101,709.406,0.1,-34.3,3.75,7784.5,96.52,35.33,76.01,4.4,4.8,3.9,5.5,2.8,5.5,2.4,7.0,8.3,16.9,-0.5,6.8,2.4,0.9,3.8,-0.6,1.3,0.8,1.8,1.6,-0.2,2.2,0.5,0.7,0.0,4.6,2.7,3.0,2.7,2.2,2.5,2.5,3.1,2.6,1.5,7.1,11.6,2.0,-2.6,0.1,3.5,4.6,4.0,8.6,2.5,4.9,5.0,4.8,3.6,-8.3,2.4,2.8,-2.9,-20.9,-25.8,0.7,-0.7,-0.4,0.0,-6.7,0.9,0.2,0.5,5.4,-6.5,6.4,6.4,7.4,4.7,6.0,0.0,2.5,-5.7,6.3,8.6,7.8,9.5,7.0,1.0
2020-06,0.5,2.2,17.3512,1.1234,701.011,0.6,-14.3,3.75,8387.1,99.81,41.15,79.2,4.2,4.6,4.1,4.9,2.8,5.2,3.0,6.3,8.8,10.2,-0.1,7.3,3.6,1.3,1.9,1.0,1.4,0.9,2.2,1.5,-0.2,2.5,0.6,0.6,0.1,3.9,1.9,2.3,1.8,1.0,1.6,1.8,2.2,1.4,1.3,7.1,11.6,1.7,-2.5,-1.2,3.3,4.5,3.8,8.6,2.1,4.9,5.0,4.8,3.6,-5.9,3.7,4.1,-2.8,-16.2,-20.9,3.5,-1.0,-0.1,0.0,-0.7,1.0,1.6,0.5,4.0,-6.1,6.4,6.4,7.4,4.7,6.0,0.2,2.3,-4.2,6.1,8.6,7.7,9.5,7.0,1.0
2020-07,2.0,3.2,17.0718,1.1778,705.277,1.0,-10.3,3.5,8601.5,97.64,43.3,80.08,4.4,4.7,4.3,4.8,2.8,5.1,3.8,6.1,8.9,12.0,1.6,6.6,2.6,2.4,3.0,2.1,2.4,1.8,2.4,2.6,1.3,3.6,0.4,0.6,0.0,3.2,1.9,2.3,1.8,1.0,1.6,1.8,2.2,1.4,1.3,5.8,7.5,1.8,-3.1,-0.4,3.4,4.5,3.9,8.6,2.4,4.9,5.0,4.8,3.6,0.0,3.9,4.5,-2.5,-4.2,-6.2,4.0,1.5,-0.2,-0.2,-0.8,1.1,1.2,0.6,4.9,-3.3,6.4,6.4,7.4,4.7,6.0,1.2,2.3,-1.8,6.7,8.6,7.5,9.5,7.4,8.5
2020-08,2.4,3.1,16.9416,1.1936,711.549,1.3,-11.8,3.5,8579.3,98.62,45.28,76.72,3.9,4.3,4.4,4.1,2.8,4.1,3.2,5.3,7.7,14.0,2.7,6.7,3.5,1.1,2.1,0.4,3.2,2.9,3.2,5.0,1.6,4.0,0.2,0.5,-0.2,3.0,1.9,2.3,1.8,1.0,1.6,1.8,2.2,1.4,2.1,6.2,6.0,1.9,-2.9,0.2,3.3,4.5,4.1,8.7,2.7,4.9,5.0,4.8,3.9,0.1,3.9,4.5,-2.3,-3.4,-5.3,3.8,0.7,-0.3,-0.2,-1.0,0.9,0.4,0.6,4.3,-4,6.4,6.4,7.4,4.7,6.0,0.6,2.3,-2.8,6.7,8.7,7.5,9.5,7.4,8.5
2020-09,2.6,3.0,16.7484,1.1721,711.21,1.4,-3.2,3.5,8443.4,100.0,40.95,78.83,3.8,4.2,4.6,4.0,2.8,4.5,4.2,5.5,6.2,13.1,1.9,8.2,2.3,1.2,4.3,-0.7,4.0,2.8,3.9,4.6,1.4,6.9,0.2,0.4,-0.1,2.8,1.4,1.6,1.4,1.1,1.3,1.2,1.5,1.2,1.8,6.1,6.0,1.5,-2.2,0.5,2.7,3.5,3.9,8.7,2.5,4.9,5.0,4.8,3.9,0.2,4.3,4.9,-2.0,-4.2,-6.3,4.0,1.6,-0.2,-0.2,-0.4,1.1,0.9,0.4,5.2,-3.8,6.4,6.4,7.4,4.7,6.0,-0.5,1.4,-5.0,6.6,8.7,7.6,9.5,7.4,8.5
2020-10,2.7,3.3,16.2439,1.1647,717.532,1.2,-5.2,3.5,8044.4,105.35,37.46,79.88,5.4,5.5,5.8,5.6,3.3,5.9,5.3,6.5,9.7,13.9,4.8,9.8,3.6,3.3,6.1,1.7,4.5,2.8,3.2,5.1,1.5,7.7,0.2,0.3,-0.1,2.8,1.4,1.6,1.4,1.1,1.3,1.2,1.5,1.2,2.2,6.1,6.0,1.9,-2.4,1.3,3.0,3.5,4.1,8.7,2.9,4.9,5.0,4.8,3.9,-0.6,4.6,5.1,-1.8,-6.6,-9.2,4.0,3.0,-0.4,-0.2,-1.7,1.8,1.9,0.6,7.6,-3.7,6.4,6.4,7.4,4.7,6.0,-0.3,1.0,-3.2,6.7,8.7,7.6,9.5,7.4,8.5
2020-11,3.0,3.2,15.4681,1.1927,740.88,1.2,-5.7,3.5,8890.2,108.42,47.59,83.8,5.8,6.0,5.8,5.9,4.3,6.6,4.5,6.0,8.4,14.5,6.0,9.3,2.6,4.5,6.3,3.6,3.8,2.9,3.8,4.6,1.6,5.5,0.1,0.3,0.0,2.9,1.4,1.6,1.4,1.1,1.3,1.2,1.5,1.2,2.4,6.0,6.0,1.9,-2.3,1.5,3.0,3.5,4.0,8.7,2.6,4.9,5.0,4.8,3.9,-1.3,3.8,4.4,-1.5,-7.3,-10.4,4.9,1.8,-0.4,-0.2,-2.8,1.8,2.4,0.6,7.0,-4.3,6.4,6.4,7.4,4.7,6.0,0.0,0.4,-1.2,6.8,8.7,7.6,9.5,7.4,8.5
2020-12,3.0,3.1,14.6947,1.2216,758.955,1.4,0.6,3.5,9266.8,109.5,51.8,86.09,5.9,6.2,6.5,5.9,5.0,7.3,5.2,6.4,10.3,11.8,2.2,8.3,3.6,4.6,6.8,3.4,3.8,3.0,4.1,5.0,1.6,5.4,0.2,0.3,0.0,2.7,1.2,1.9,0.9,1.4,1.1,1.0,1.8,1.8,2.2,6.0,6.0,1.7,-2.4,1.1,3.0,3.3,4.4,8.7,3.6,4.9,5.0,4.8,3.9,-1.6,4.4,4.8,-0.6,-8.5,-11.7,4.9,1.2,-0.5,-0.2,-4.7,1.6,2.3,0.6,5.5,0.7,6.4,6.4,7.4,4.7,6.0,-0.3,1.1,-3.4,7.0,8.7,7.8,9.5,7.4,8.5
2021-01,3.5,3.2,15.1609,1.2136,764.742,1.4,-6.2,3.5,9749.2,116.4,55.88,84.56,5.4,5.7,6.1,5.2,5.1,7.2,4.0,6.0,10.4,6.0,-0.6,7.3,2.6,3.6,6.4,2.1,3.5,2.9,3.4,4.4,1.8,5.0,0.6,0.5,0.5,2.6,1.2,1.9,0.9,1.4,1.1,1.0,1.8,1.8,2.1,6.0,5.9,1.9,-1.0,0.7,2.9,3.3,4.5,8.8,3.9,4.9,5.0,4.8,3.9,-0.5,4.1,4.5,-0.5,-5.5,-8.6,7.4,1.6,-0.5,-0.3,-4.9,1.5,2.3,0.3,4.5,1.5,6.4,6.4,7.4,4.7,6.0,0.3,0.7,-0.8,6.5,8.8,7.7,9.5,3.0,8.6
2021-02,4.0,2.9,15.1204,1.2075,765.193,1.7,-3.4,3.5,10321.4,119.45,66.13,86.86,5.2,5.4,5.5,5.2,4.5,6.8,5.4,6.3,10.7,4.8,-0.6,7.0,1.5,4.0,6.7,2.5,3.9,3.6,3.6,4.9,2.7,4.8,0.3,0.2,0.6,2.6,1.2,1.9,0.9,1.4,1.1,1.0,1.8,1.8,2.4,6.0,6.0,1.7,-2.0,0.2,2.9,3.3,2.8,4.4,1.9,3.4,3.2,4.3,3.4,1.3,3.7,4.0,0.0,-1.2,-3.3,7.2,1.3,-0.5,-0.3,-4.9,1.3,2.6,0.4,4.4,-2.1,6.4,6.4,7.4,4.7,6.0,-0.5,0.6,-3.0,3.9,4.4,4.1,4.6,3.0,8.6
2021-03,5.2,3.2,14.7759,1.173,745.748,2.6,4.8,3.5,10484.6,122.23,63.54,86.5,5.7,6.0,6.0,5.9,4.9,6.7,6.8,7.2,13.4,-1.0,3.4,7.3,2.8,4.4,7.5,2.7,3.7,3.2,3.7,4.5,2.1,4.8,0.3,0.2,0.7,2.2,0.6,0.8,0.6,0.6,0.5,0.5,0.7,0.4,3.0,6.0,6.0,0.7,-1.7,-0.4,1.6,2.0,3.0,4.5,2.5,3.4,3.2,4.3,3.4,3.8,4.1,4.4,0.3,3.3,2.4,7.0,4.5,-0.5,-0.3,-3.2,1.8,3.2,0.4,4.6,0.8,4.1,4.1,3.4,5.2,6.5,0.1,0.7,-1.4,3.9,4.5,4.0,4.6,5.2,8.6
2021-04,6.7,4.4,14.495,1.202,759.889,4.2,102.2,3.5,10585.9,129.7,67.25,89.7,6.3,6.6,6.4,7.0,4.9,7.1,8.1,7.8,16.8,0.0,6.3,8.0,4.2,2.9,2.9,2.8,4.7,4.4,5.1,5.7,3.4,5.5,1.0,0.9,1.4,2.2,0.6,0.8,0.6,0.6,0.5,0.5,0.7,0.4,3.8,6.0,6.3,0.8,-1.6,-0.3,1.5,2.0,3.4,4.4,3.5,3.4,3.2,4.3,3.4,10.6,5.1,5.5,1.4,18.6,21.3,7.8,5.1,-0.4,-0.1,-4.7,2.4,3.2,0.8,8.1,-0.9,4.1,4.1,3.4,5.2,6.5,2.0,2.3,1.1,4.0,4.4,4.0,4.7,5.2,8.1
2021-05,7.4,5.2,13.7373,1.2227,788.254,5.0,37.2,3.5,10751.4,135.2,69.32,90.96,6.6,6.9,7.0,6.7,4.9,8.5,7.0,5.7,20.0,-6.6,6.6,8.8,4.4,5.3,5.0,5.6,5.8,5.4,6.0,7.2,4.2,6.6,1.8,1.7,2.2,2.2,0.6,0.8,0.6,0.6,0.5,0.5,0.7,0.4,4.5,5.8,6.2,0.9,-2.0,0.2,1.9,2.0,3.5,4.4,4.2,3.2,3.0,4.3,3.6,15.2,6.6,6.8,2.5,30.6,37.3,8.9,4.3,-0.2,0.0,-5.8,1.6,2.1,0.8,5.0,-1.9,4.1,4.1,3.4,5.2,6.5,2.5,3.5,0.5,4.1,4.4,4.0,4.7,5.2,8.1
2021-06,7.7,4.9,14.2854,1.1858,796.871,5.4,11.8,3.5,10489.7,127.65,75.13,92.23,6.7,7.0,6.2,7.4,4.5,8.7,6.9,6.4,21.5,-3.5,6.7,7.3,3.2,4.0,5.3,3.2,5.3,4.7,5.5,6.7,3.3,6.5,1.7,1.6,2.1,2.7,0.8,0.5,1.0,1.0,1.0,0.9,0.4,1.2,5.0,5.8,6.2,1.3,0.6,1.8,1.2,1.3,3.8,4.5,4.9,3.2,3.0,4.3,3.6,12.3,5.4,5.7,3.1,22.4,27.4,5.6,6.8,-0.5,0.0,-11.1,1.6,2.0,0.8,5.2,-2.1,4.1,4.1,3.4,5.2,6.5,2.7,3.5,0.8,4.1,4.5,3.9,4.7,5.2,8.1
2021-07,7.1,4.6,14.6019,1.187,803.451,5.4,-5.0,3.5,10928.7,128.97,76.33,89.4,6.6,7.1,6.3,7.5,4.4,9.3,4.7,6.3,22.5,-2.7,4.7,6.5,4.8,3.1,3.7,2.8,5.2,5.3,4.5,8.1,3.9,4.9,1.8,1.6,2.1,3.8,0.8,0.5,1.0,1.0,1.0,0.9,0.4,1.2,4.8,4.7,13.7,1.3,0.8,0.4,1.7,1.3,3.6,5.6,4.1,3.4,3.2,4.3,3.6,7.9,4.8,4.9,3.5,13.1,15.2,5.3,3.7,-0.5,0.0,-9.7,1.7,2.9,0.8,5.0,-4.7,4.1,4.1,3.4,5.2,6.5,2.2,3.9,-1.3,4.2,5.6,5.0,5.9,4.7,0.6
2021-08,7.2,4.9,14.5242,1.1809,817.119,5.3,1.6,3.5,10738.3,131.48,72.99,87.79,6.9,7.4,6.2,8.2,3.5,10.6,6.1,5.5,21.3,-2.3,5.6,5.3,5.0,3.4,3.8,3.2,5.1,5.0,3.6,6.6,4.6,5.3,1.9,1.6,2.6,3.9,0.8,0.5,1.0,1.0,1.0,0.9,0.4,1.2,4.4,4.3,13.9,1.3,-0.1,0.7,1.8,1.3,3.4,5.5,3.8,3.4,3.2,4.3,3.3,9.9,5.3,5.4,4.1,16.4,19.6,5.0,5.3,-0.5,0.0,-10.0,1.9,3.6,0.9,5.2,-4.1,4.1,4.1,3.4,5.2,6.5,2.7,4.3,-1.5,4.2,5.5,5.0,5.9,4.7,0.6
2021-09,7.8,5.0,15.0683,1.158,799.806,5.4,0.5,3.5,10401.6,127.02,78.52,89.11,6.7,7.1,6.1,7.9,3.1,10.3,5.2,5.5,22.4,-2.1,4.2,5.8,5.5,2.7,1.3,3.7,4.2,5.1,3.5,6.4,4.8,2.5,1.8,1.5,2.4,4.0,0.9,0.0,1.2,0.9,1.3,1.4,-0.1,1.4,4.5,4.3,14.0,1.8,-0.1,-0.4,2.7,2.4,3.6,5.5,4.2,3.4,3.2,4.3,3.3,10.2,5.0,5.0,4.7,16.7,19.9,5.0,6.7,-0.6,0.0,-11.2,1.6,3.1,0.9,3.8,-3.3,4.1,4.1,3.4,5.2,6.5,3.1,4.4,0.2,4.3,5.5,5.0,5.9,4.7,0.6
2021-10,8.1,5.0,15.2412,1.1558,795.943,6.2,-8.9,3.5,10937.5,127.95,84.38,87.83,6.1,6.7,5.9,7.3,3.0,9.1,4.1,4.9,21.0,-2.3,7.2,4.5,5.7,2.3,0.4,3.4,4.0,5.4,4.0,6.9,5.2,1.3,1.8,1.6,2.4,4.0,0.9,0.0,1.2,0.9,1.3,1.4,-0.1,1.4,4.1,4.3,14.0,1.8,0.0,-0.1,2.7,2.4,3.7,5.5,4.5,3.4,3.2,4.3,3.3,10.9,5.1,5.1,5.3,19.2,23.1,5.1,6.0,-0.6,0.0,-12.3,1.4,2.7,0.8,3.2,-6.5,4.1,4.1,3.4,5.2,6.5,4.2,5.7,0.7,4.3,5.5,5.0,5.9,4.7,0.6
2021-11,9.6,5.5,15.8859,1.1338,801.185,6.8,0.0,3.75,11426.3,129.71,70.57,84.64,5.5,6.0,5.6,6.3,2.3,8.6,4.7,5.3,20.9,-3.8,2.7,4.5,6.1,1.5,0.6,2.1,4.7,5.3,4.1,7.2,4.8,3.6,1.8,1.6,2.1,3.9,0.9,0.0,1.2,0.9,1.3,1.4,-0.1,1.4,3.7,4.3,14.0,1.8,0.6,-0.1,2.6,2.4,3.7,5.5,4.7,3.4,3.2,4.3,3.3,14.9,5.6,5.5,5.9,27.8,34.6,4.4,8.3,-0.6,0.0,-12.8,1.3,2.9,0.8,2.5,-5.3,4.1,4.1,3.4,5.2,6.5,3.7,5.8,-1.4,4.2,5.5,5.0,5.9,4.7,0.6
2021-12,10.8,5.9,15.9372,1.137,822.722,7.0,-0.7,3.75,11975.3,133.46,77.78,83.09,5.5,5.9,5.4,6.4,1.8,8.6,3.7,5.3,20.8,-1.2,3.1,3.6,5.6,1.4,0.1,2.1,4.8,5.4,3.6,7.8,4.7,3.8,1.7,1.6,2.1,4.3,1.1,-0.5,1.8,1.3,1.8,1.9,-0.4,1.5,4.2,4.4,14.0,2.1,1.1,0.1,2.8,2.6,3.7,5.6,4.5,3.4,3.2,4.3,3.3,16.7,5.0,5.0,5.2,32.5,40.4,4.5,9.9,-0.6,0.0,-12.4,1.4,3.1,0.9,2.8,-7.9,4.1,4.1,3.4,5.2,6.5,4.2,5.3,1.8,4.3,5.6,5.0,5.9,4.7,0.6
2022-01,10.1,5.7,15.3866,1.1235,829.696,7.5,3.1,4.0,12078.3,139.89,91.21,84.91,5.7,6.2,5.6,6.8,1.5,8.2,4.6,5.2,22.9,-2.0,8.6,2.9,6.1,1.1,-1.7,2.7,4.7,5.0,3.2,7.4,4.5,4.0,1.5,1.4,1.7,4.3,1.1,-0.5,1.8,1.3,1.8,1.9,-0.4,1.5,4.5,4.4,14.2,2.2,0.0,1.1,3.1,2.6,3.4,5.5,3.7,3.4,3.2,4.3,3.3,14.5,5.2,5.1,6.5,26.0,32.2,3.3,10.0,-0.9,0.0,-14.7,1.9,3.4,1.1,4.7,-3,4.1,4.1,3.4,5.2,6.5,5.0,6.0,2.8,4.6,5.5,5.4,5.9,5.7,0.3
2022-02,10.5,5.7,15.3756,1.1219,834.209,7.9,1.8,4.0,12434.1,147.15,100.99,86.43,6.4,6.7,6.9,6.6,3.7,8.6,5.3,4.7,22.7,-1.6,7.7,1.8,7.2,2.8,1.5,3.6,4.8,5.2,3.0,6.9,5.4,4.0,1.6,1.6,1.6,4.4,1.1,-0.5,1.8,1.3,1.8,1.9,-0.4,1.5,4.4,4.5,14.1,2.6,1.0,2.1,3.0,2.6,4.9,3.8,4.6,5.2,5.3,4.7,3.5,14.3,5.7,5.5,7.4,23.9,29.4,3.5,12.3,-0.9,0.0,-14.9,2.0,3.3,1.0,4.8,-2.4,4.1,4.1,3.4,5.2,6.5,6.1,6.1,6.3,3.2,3.8,3.1,3.6,5.7,0.3
2022-03,11.9,5.9,14.6115,1.1067,837.985,8.5,-0.1,4.25,12435.4,157.59,107.91,88.97,6.2,6.6,7.3,5.8,4.7,9.0,4.6,4.1,19.8,-0.7,2.8,3.4,6.5,3.1,2.8,3.3,5.9,7.0,4.2,7.7,7.7,3.8,1.6,1.7,1.7,4.8,1.9,0.6,2.4,1.7,2.7,2.7,0.5,2.6,4.5,4.4,14.1,3.0,1.1,2.5,3.4,2.9,4.9,3.8,4.4,5.2,5.3,4.7,3.5,15.7,5.3,5.1,8.5,26.9,33.2,3.6,14.0,-0.9,0.0,-15.7,1.7,3.6,1.0,3.0,-1.7,4.4,4.4,4.5,4.2,6.4,6.7,6.2,7.8,3.2,3.8,3.4,3.6,3.3,0.3
2022-04,13.1,5.9,15.7892,1.0545,823.982,8.3,-7.6,4.25,11980.4,161.73,109.34,90.17,6.0,6.3,7.6,4.9,4.8,8.5,4.8,3.7,21.2,-0.7,0.2,3.5,7.1,3.9,4.5,3.6,6.3,6.9,4.6,7.7,7.3,4.9,1.7,1.6,1.7,4.8,1.9,0.6,2.4,1.7,2.7,2.7,0.5,2.6,4.5,4.4,14.1,3.3,1.7,3.9,3.6,2.9,4.7,4.8,4.1,5.2,5.3,4.7,3.5,14.7,6.3,6.0,9.4,24.3,29.2,5.4,12.6,-0.9,0.0,-14.5,1.5,3.9,0.6,3.7,-2.2,4.4,4.4,4.5,4.2,6.4,5.6,5.4,5.9,3.8,4.8,4.0,4.7,3.3,0.6
2022-05,14.7,6.5,15.6405,1.0734,832.319,8.6,-2.3,4.75,11937.0,158.5,122.84,87.03,7.6,7.8,9.3,6.3,8.4,9.4,6.2,3.8,26.9,2.1,3.5,4.0,8.2,4.9,5.8,4.3,6.6,7.4,5.6,7.9,7.8,5.4,1.7,1.7,1.8,4.9,1.9,0.6,2.4,1.7,2.7,2.7,0.5,2.6,4.4,4.6,14.4,4.3,2.7,5.9,4.3,2.9,4.9,4.8,4.6,5.2,5.3,4.7,3.3,15.7,6.1,5.7,10.2,26.9,32.5,5.5,12.5,-0.6,0.2,-11.9,1.9,4.1,0.6,4.3,2.1,4.4,4.4,4.5,4.2,6.4,6.2,5.9,6.8,3.9,4.8,4.0,4.7,3.3,0.6
2022-06,16.2,7.4,16.2782,1.0484,806.856,9.1,,4.75,10981.3,152.58,114.81,87.98,8.6,9.0,11.1,7.0,11.2,9.5,6.7,4.7,32.5,0.3,5.6,5.7,7.7,5.5,6.3,5.0,6.7,7.6,6.6,7.9,8.0,4.9,2.0,2.1,1.7,5.1,2.4,1.3,2.9,2.2,3.0,3.0,1.6,2.8,4.3,4.6,14.5,4.7,1.7,6.3,5.2,3.5,5.1,4.8,5.1,5.2,5.3,4.7,3.3,20.0,6.1,5.5,11.1,36.9,45.3,6.3,14.3,-0.2,0.2,-7.2,2.1,3.9,0.6,6.0,1.8,4.4,4.4,4.5,4.2,6.4,6.2,7.0,4.4,4.0,4.8,4.3,4.7,3.3,0.6
2022-07,,,16.6237,1.022,826.341,,,5.5,11445.0,,110.01,84.1,,,,,,,,,,,,,,,,,,,,,,,,,,,,,,,,,,,,,,,,,,,,,,,,,,,,,,,,,,,,,,,,,,,,,,,,,,,,,,,
